sentid	pairid	sentence	comparison	ROI
1	1	the authors laugh and swim	expected	4
2	1	the authors laugh and swims	unexpected	4
3	2	the authors laugh and smile	expected	4
4	2	the authors laugh and smiles	unexpected	4
5	3	the authors laugh and are tall	expected	4
6	3	the authors laugh and is tall	unexpected	4
7	4	the authors laugh and are old	expected	4
8	4	the authors laugh and is old	unexpected	4
9	5	the authors laugh and are young	expected	4
10	5	the authors laugh and is young	unexpected	4
11	6	the authors laugh and are short	expected	4
12	6	the authors laugh and is short	unexpected	4
13	7	the authors swim and laugh	expected	4
14	7	the authors swim and laughs	unexpected	4
15	8	the authors swim and smile	expected	4
16	8	the authors swim and smiles	unexpected	4
17	9	the authors swim and are tall	expected	4
18	9	the authors swim and is tall	unexpected	4
19	10	the authors swim and are old	expected	4
20	10	the authors swim and is old	unexpected	4
21	11	the authors swim and are young	expected	4
22	11	the authors swim and is young	unexpected	4
23	12	the authors swim and are short	expected	4
24	12	the authors swim and is short	unexpected	4
25	13	the authors smile and laugh	expected	4
26	13	the authors smile and laughs	unexpected	4
27	14	the authors smile and swim	expected	4
28	14	the authors smile and swims	unexpected	4
29	15	the authors smile and are tall	expected	4
30	15	the authors smile and is tall	unexpected	4
31	16	the authors smile and are old	expected	4
32	16	the authors smile and is old	unexpected	4
33	17	the authors smile and are young	expected	4
34	17	the authors smile and is young	unexpected	4
35	18	the authors smile and are short	expected	4
36	18	the authors smile and is short	unexpected	4
37	19	the authors are tall and laugh	expected	5
38	19	the authors are tall and laughs	unexpected	5
39	20	the authors are tall and swim	expected	5
40	20	the authors are tall and swims	unexpected	5
41	21	the authors are tall and smile	expected	5
42	21	the authors are tall and smiles	unexpected	5
43	22	the authors are tall and are old	expected	5
44	22	the authors are tall and is old	unexpected	5
45	23	the authors are tall and are young	expected	5
46	23	the authors are tall and is young	unexpected	5
47	24	the authors are tall and are short	expected	5
48	24	the authors are tall and is short	unexpected	5
49	25	the authors are old and laugh	expected	5
50	25	the authors are old and laughs	unexpected	5
51	26	the authors are old and swim	expected	5
52	26	the authors are old and swims	unexpected	5
53	27	the authors are old and smile	expected	5
54	27	the authors are old and smiles	unexpected	5
55	28	the authors are old and are tall	expected	5
56	28	the authors are old and is tall	unexpected	5
57	29	the authors are old and are young	expected	5
58	29	the authors are old and is young	unexpected	5
59	30	the authors are old and are short	expected	5
60	30	the authors are old and is short	unexpected	5
61	31	the authors are young and laugh	expected	5
62	31	the authors are young and laughs	unexpected	5
63	32	the authors are young and swim	expected	5
64	32	the authors are young and swims	unexpected	5
65	33	the authors are young and smile	expected	5
66	33	the authors are young and smiles	unexpected	5
67	34	the authors are young and are tall	expected	5
68	34	the authors are young and is tall	unexpected	5
69	35	the authors are young and are old	expected	5
70	35	the authors are young and is old	unexpected	5
71	36	the authors are young and are short	expected	5
72	36	the authors are young and is short	unexpected	5
73	37	the authors are short and laugh	expected	5
74	37	the authors are short and laughs	unexpected	5
75	38	the authors are short and swim	expected	5
76	38	the authors are short and swims	unexpected	5
77	39	the authors are short and smile	expected	5
78	39	the authors are short and smiles	unexpected	5
79	40	the authors are short and are tall	expected	5
80	40	the authors are short and is tall	unexpected	5
81	41	the authors are short and are old	expected	5
82	41	the authors are short and is old	unexpected	5
83	42	the authors are short and are young	expected	5
84	42	the authors are short and is young	unexpected	5
85	43	the pilots laugh and swim	expected	4
86	43	the pilots laugh and swims	unexpected	4
87	44	the pilots laugh and smile	expected	4
88	44	the pilots laugh and smiles	unexpected	4
89	45	the pilots laugh and are tall	expected	4
90	45	the pilots laugh and is tall	unexpected	4
91	46	the pilots laugh and are old	expected	4
92	46	the pilots laugh and is old	unexpected	4
93	47	the pilots laugh and are young	expected	4
94	47	the pilots laugh and is young	unexpected	4
95	48	the pilots laugh and are short	expected	4
96	48	the pilots laugh and is short	unexpected	4
97	49	the pilots swim and laugh	expected	4
98	49	the pilots swim and laughs	unexpected	4
99	50	the pilots swim and smile	expected	4
100	50	the pilots swim and smiles	unexpected	4
101	51	the pilots swim and are tall	expected	4
102	51	the pilots swim and is tall	unexpected	4
103	52	the pilots swim and are old	expected	4
104	52	the pilots swim and is old	unexpected	4
105	53	the pilots swim and are young	expected	4
106	53	the pilots swim and is young	unexpected	4
107	54	the pilots swim and are short	expected	4
108	54	the pilots swim and is short	unexpected	4
109	55	the pilots smile and laugh	expected	4
110	55	the pilots smile and laughs	unexpected	4
111	56	the pilots smile and swim	expected	4
112	56	the pilots smile and swims	unexpected	4
113	57	the pilots smile and are tall	expected	4
114	57	the pilots smile and is tall	unexpected	4
115	58	the pilots smile and are old	expected	4
116	58	the pilots smile and is old	unexpected	4
117	59	the pilots smile and are young	expected	4
118	59	the pilots smile and is young	unexpected	4
119	60	the pilots smile and are short	expected	4
120	60	the pilots smile and is short	unexpected	4
121	61	the pilots are tall and laugh	expected	5
122	61	the pilots are tall and laughs	unexpected	5
123	62	the pilots are tall and swim	expected	5
124	62	the pilots are tall and swims	unexpected	5
125	63	the pilots are tall and smile	expected	5
126	63	the pilots are tall and smiles	unexpected	5
127	64	the pilots are tall and are old	expected	5
128	64	the pilots are tall and is old	unexpected	5
129	65	the pilots are tall and are young	expected	5
130	65	the pilots are tall and is young	unexpected	5
131	66	the pilots are tall and are short	expected	5
132	66	the pilots are tall and is short	unexpected	5
133	67	the pilots are old and laugh	expected	5
134	67	the pilots are old and laughs	unexpected	5
135	68	the pilots are old and swim	expected	5
136	68	the pilots are old and swims	unexpected	5
137	69	the pilots are old and smile	expected	5
138	69	the pilots are old and smiles	unexpected	5
139	70	the pilots are old and are tall	expected	5
140	70	the pilots are old and is tall	unexpected	5
141	71	the pilots are old and are young	expected	5
142	71	the pilots are old and is young	unexpected	5
143	72	the pilots are old and are short	expected	5
144	72	the pilots are old and is short	unexpected	5
145	73	the pilots are young and laugh	expected	5
146	73	the pilots are young and laughs	unexpected	5
147	74	the pilots are young and swim	expected	5
148	74	the pilots are young and swims	unexpected	5
149	75	the pilots are young and smile	expected	5
150	75	the pilots are young and smiles	unexpected	5
151	76	the pilots are young and are tall	expected	5
152	76	the pilots are young and is tall	unexpected	5
153	77	the pilots are young and are old	expected	5
154	77	the pilots are young and is old	unexpected	5
155	78	the pilots are young and are short	expected	5
156	78	the pilots are young and is short	unexpected	5
157	79	the pilots are short and laugh	expected	5
158	79	the pilots are short and laughs	unexpected	5
159	80	the pilots are short and swim	expected	5
160	80	the pilots are short and swims	unexpected	5
161	81	the pilots are short and smile	expected	5
162	81	the pilots are short and smiles	unexpected	5
163	82	the pilots are short and are tall	expected	5
164	82	the pilots are short and is tall	unexpected	5
165	83	the pilots are short and are old	expected	5
166	83	the pilots are short and is old	unexpected	5
167	84	the pilots are short and are young	expected	5
168	84	the pilots are short and is young	unexpected	5
169	85	the surgeons laugh and swim	expected	4
170	85	the surgeons laugh and swims	unexpected	4
171	86	the surgeons laugh and smile	expected	4
172	86	the surgeons laugh and smiles	unexpected	4
173	87	the surgeons laugh and are tall	expected	4
174	87	the surgeons laugh and is tall	unexpected	4
175	88	the surgeons laugh and are old	expected	4
176	88	the surgeons laugh and is old	unexpected	4
177	89	the surgeons laugh and are young	expected	4
178	89	the surgeons laugh and is young	unexpected	4
179	90	the surgeons laugh and are short	expected	4
180	90	the surgeons laugh and is short	unexpected	4
181	91	the surgeons swim and laugh	expected	4
182	91	the surgeons swim and laughs	unexpected	4
183	92	the surgeons swim and smile	expected	4
184	92	the surgeons swim and smiles	unexpected	4
185	93	the surgeons swim and are tall	expected	4
186	93	the surgeons swim and is tall	unexpected	4
187	94	the surgeons swim and are old	expected	4
188	94	the surgeons swim and is old	unexpected	4
189	95	the surgeons swim and are young	expected	4
190	95	the surgeons swim and is young	unexpected	4
191	96	the surgeons swim and are short	expected	4
192	96	the surgeons swim and is short	unexpected	4
193	97	the surgeons smile and laugh	expected	4
194	97	the surgeons smile and laughs	unexpected	4
195	98	the surgeons smile and swim	expected	4
196	98	the surgeons smile and swims	unexpected	4
197	99	the surgeons smile and are tall	expected	4
198	99	the surgeons smile and is tall	unexpected	4
199	100	the surgeons smile and are old	expected	4
200	100	the surgeons smile and is old	unexpected	4
201	101	the surgeons smile and are young	expected	4
202	101	the surgeons smile and is young	unexpected	4
203	102	the surgeons smile and are short	expected	4
204	102	the surgeons smile and is short	unexpected	4
205	103	the surgeons are tall and laugh	expected	5
206	103	the surgeons are tall and laughs	unexpected	5
207	104	the surgeons are tall and swim	expected	5
208	104	the surgeons are tall and swims	unexpected	5
209	105	the surgeons are tall and smile	expected	5
210	105	the surgeons are tall and smiles	unexpected	5
211	106	the surgeons are tall and are old	expected	5
212	106	the surgeons are tall and is old	unexpected	5
213	107	the surgeons are tall and are young	expected	5
214	107	the surgeons are tall and is young	unexpected	5
215	108	the surgeons are tall and are short	expected	5
216	108	the surgeons are tall and is short	unexpected	5
217	109	the surgeons are old and laugh	expected	5
218	109	the surgeons are old and laughs	unexpected	5
219	110	the surgeons are old and swim	expected	5
220	110	the surgeons are old and swims	unexpected	5
221	111	the surgeons are old and smile	expected	5
222	111	the surgeons are old and smiles	unexpected	5
223	112	the surgeons are old and are tall	expected	5
224	112	the surgeons are old and is tall	unexpected	5
225	113	the surgeons are old and are young	expected	5
226	113	the surgeons are old and is young	unexpected	5
227	114	the surgeons are old and are short	expected	5
228	114	the surgeons are old and is short	unexpected	5
229	115	the surgeons are young and laugh	expected	5
230	115	the surgeons are young and laughs	unexpected	5
231	116	the surgeons are young and swim	expected	5
232	116	the surgeons are young and swims	unexpected	5
233	117	the surgeons are young and smile	expected	5
234	117	the surgeons are young and smiles	unexpected	5
235	118	the surgeons are young and are tall	expected	5
236	118	the surgeons are young and is tall	unexpected	5
237	119	the surgeons are young and are old	expected	5
238	119	the surgeons are young and is old	unexpected	5
239	120	the surgeons are young and are short	expected	5
240	120	the surgeons are young and is short	unexpected	5
241	121	the surgeons are short and laugh	expected	5
242	121	the surgeons are short and laughs	unexpected	5
243	122	the surgeons are short and swim	expected	5
244	122	the surgeons are short and swims	unexpected	5
245	123	the surgeons are short and smile	expected	5
246	123	the surgeons are short and smiles	unexpected	5
247	124	the surgeons are short and are tall	expected	5
248	124	the surgeons are short and is tall	unexpected	5
249	125	the surgeons are short and are old	expected	5
250	125	the surgeons are short and is old	unexpected	5
251	126	the surgeons are short and are young	expected	5
252	126	the surgeons are short and is young	unexpected	5
253	127	the farmers laugh and swim	expected	4
254	127	the farmers laugh and swims	unexpected	4
255	128	the farmers laugh and smile	expected	4
256	128	the farmers laugh and smiles	unexpected	4
257	129	the farmers laugh and are tall	expected	4
258	129	the farmers laugh and is tall	unexpected	4
259	130	the farmers laugh and are old	expected	4
260	130	the farmers laugh and is old	unexpected	4
261	131	the farmers laugh and are young	expected	4
262	131	the farmers laugh and is young	unexpected	4
263	132	the farmers laugh and are short	expected	4
264	132	the farmers laugh and is short	unexpected	4
265	133	the farmers swim and laugh	expected	4
266	133	the farmers swim and laughs	unexpected	4
267	134	the farmers swim and smile	expected	4
268	134	the farmers swim and smiles	unexpected	4
269	135	the farmers swim and are tall	expected	4
270	135	the farmers swim and is tall	unexpected	4
271	136	the farmers swim and are old	expected	4
272	136	the farmers swim and is old	unexpected	4
273	137	the farmers swim and are young	expected	4
274	137	the farmers swim and is young	unexpected	4
275	138	the farmers swim and are short	expected	4
276	138	the farmers swim and is short	unexpected	4
277	139	the farmers smile and laugh	expected	4
278	139	the farmers smile and laughs	unexpected	4
279	140	the farmers smile and swim	expected	4
280	140	the farmers smile and swims	unexpected	4
281	141	the farmers smile and are tall	expected	4
282	141	the farmers smile and is tall	unexpected	4
283	142	the farmers smile and are old	expected	4
284	142	the farmers smile and is old	unexpected	4
285	143	the farmers smile and are young	expected	4
286	143	the farmers smile and is young	unexpected	4
287	144	the farmers smile and are short	expected	4
288	144	the farmers smile and is short	unexpected	4
289	145	the farmers are tall and laugh	expected	5
290	145	the farmers are tall and laughs	unexpected	5
291	146	the farmers are tall and swim	expected	5
292	146	the farmers are tall and swims	unexpected	5
293	147	the farmers are tall and smile	expected	5
294	147	the farmers are tall and smiles	unexpected	5
295	148	the farmers are tall and are old	expected	5
296	148	the farmers are tall and is old	unexpected	5
297	149	the farmers are tall and are young	expected	5
298	149	the farmers are tall and is young	unexpected	5
299	150	the farmers are tall and are short	expected	5
300	150	the farmers are tall and is short	unexpected	5
301	151	the farmers are old and laugh	expected	5
302	151	the farmers are old and laughs	unexpected	5
303	152	the farmers are old and swim	expected	5
304	152	the farmers are old and swims	unexpected	5
305	153	the farmers are old and smile	expected	5
306	153	the farmers are old and smiles	unexpected	5
307	154	the farmers are old and are tall	expected	5
308	154	the farmers are old and is tall	unexpected	5
309	155	the farmers are old and are young	expected	5
310	155	the farmers are old and is young	unexpected	5
311	156	the farmers are old and are short	expected	5
312	156	the farmers are old and is short	unexpected	5
313	157	the farmers are young and laugh	expected	5
314	157	the farmers are young and laughs	unexpected	5
315	158	the farmers are young and swim	expected	5
316	158	the farmers are young and swims	unexpected	5
317	159	the farmers are young and smile	expected	5
318	159	the farmers are young and smiles	unexpected	5
319	160	the farmers are young and are tall	expected	5
320	160	the farmers are young and is tall	unexpected	5
321	161	the farmers are young and are old	expected	5
322	161	the farmers are young and is old	unexpected	5
323	162	the farmers are young and are short	expected	5
324	162	the farmers are young and is short	unexpected	5
325	163	the farmers are short and laugh	expected	5
326	163	the farmers are short and laughs	unexpected	5
327	164	the farmers are short and swim	expected	5
328	164	the farmers are short and swims	unexpected	5
329	165	the farmers are short and smile	expected	5
330	165	the farmers are short and smiles	unexpected	5
331	166	the farmers are short and are tall	expected	5
332	166	the farmers are short and is tall	unexpected	5
333	167	the farmers are short and are old	expected	5
334	167	the farmers are short and is old	unexpected	5
335	168	the farmers are short and are young	expected	5
336	168	the farmers are short and is young	unexpected	5
337	169	the managers laugh and swim	expected	4
338	169	the managers laugh and swims	unexpected	4
339	170	the managers laugh and smile	expected	4
340	170	the managers laugh and smiles	unexpected	4
341	171	the managers laugh and are tall	expected	4
342	171	the managers laugh and is tall	unexpected	4
343	172	the managers laugh and are old	expected	4
344	172	the managers laugh and is old	unexpected	4
345	173	the managers laugh and are young	expected	4
346	173	the managers laugh and is young	unexpected	4
347	174	the managers laugh and are short	expected	4
348	174	the managers laugh and is short	unexpected	4
349	175	the managers swim and laugh	expected	4
350	175	the managers swim and laughs	unexpected	4
351	176	the managers swim and smile	expected	4
352	176	the managers swim and smiles	unexpected	4
353	177	the managers swim and are tall	expected	4
354	177	the managers swim and is tall	unexpected	4
355	178	the managers swim and are old	expected	4
356	178	the managers swim and is old	unexpected	4
357	179	the managers swim and are young	expected	4
358	179	the managers swim and is young	unexpected	4
359	180	the managers swim and are short	expected	4
360	180	the managers swim and is short	unexpected	4
361	181	the managers smile and laugh	expected	4
362	181	the managers smile and laughs	unexpected	4
363	182	the managers smile and swim	expected	4
364	182	the managers smile and swims	unexpected	4
365	183	the managers smile and are tall	expected	4
366	183	the managers smile and is tall	unexpected	4
367	184	the managers smile and are old	expected	4
368	184	the managers smile and is old	unexpected	4
369	185	the managers smile and are young	expected	4
370	185	the managers smile and is young	unexpected	4
371	186	the managers smile and are short	expected	4
372	186	the managers smile and is short	unexpected	4
373	187	the managers are tall and laugh	expected	5
374	187	the managers are tall and laughs	unexpected	5
375	188	the managers are tall and swim	expected	5
376	188	the managers are tall and swims	unexpected	5
377	189	the managers are tall and smile	expected	5
378	189	the managers are tall and smiles	unexpected	5
379	190	the managers are tall and are old	expected	5
380	190	the managers are tall and is old	unexpected	5
381	191	the managers are tall and are young	expected	5
382	191	the managers are tall and is young	unexpected	5
383	192	the managers are tall and are short	expected	5
384	192	the managers are tall and is short	unexpected	5
385	193	the managers are old and laugh	expected	5
386	193	the managers are old and laughs	unexpected	5
387	194	the managers are old and swim	expected	5
388	194	the managers are old and swims	unexpected	5
389	195	the managers are old and smile	expected	5
390	195	the managers are old and smiles	unexpected	5
391	196	the managers are old and are tall	expected	5
392	196	the managers are old and is tall	unexpected	5
393	197	the managers are old and are young	expected	5
394	197	the managers are old and is young	unexpected	5
395	198	the managers are old and are short	expected	5
396	198	the managers are old and is short	unexpected	5
397	199	the managers are young and laugh	expected	5
398	199	the managers are young and laughs	unexpected	5
399	200	the managers are young and swim	expected	5
400	200	the managers are young and swims	unexpected	5
401	201	the managers are young and smile	expected	5
402	201	the managers are young and smiles	unexpected	5
403	202	the managers are young and are tall	expected	5
404	202	the managers are young and is tall	unexpected	5
405	203	the managers are young and are old	expected	5
406	203	the managers are young and is old	unexpected	5
407	204	the managers are young and are short	expected	5
408	204	the managers are young and is short	unexpected	5
409	205	the managers are short and laugh	expected	5
410	205	the managers are short and laughs	unexpected	5
411	206	the managers are short and swim	expected	5
412	206	the managers are short and swims	unexpected	5
413	207	the managers are short and smile	expected	5
414	207	the managers are short and smiles	unexpected	5
415	208	the managers are short and are tall	expected	5
416	208	the managers are short and is tall	unexpected	5
417	209	the managers are short and are old	expected	5
418	209	the managers are short and is old	unexpected	5
419	210	the managers are short and are young	expected	5
420	210	the managers are short and is young	unexpected	5
421	211	the customers laugh and swim	expected	4
422	211	the customers laugh and swims	unexpected	4
423	212	the customers laugh and smile	expected	4
424	212	the customers laugh and smiles	unexpected	4
425	213	the customers laugh and are tall	expected	4
426	213	the customers laugh and is tall	unexpected	4
427	214	the customers laugh and are old	expected	4
428	214	the customers laugh and is old	unexpected	4
429	215	the customers laugh and are young	expected	4
430	215	the customers laugh and is young	unexpected	4
431	216	the customers laugh and are short	expected	4
432	216	the customers laugh and is short	unexpected	4
433	217	the customers swim and laugh	expected	4
434	217	the customers swim and laughs	unexpected	4
435	218	the customers swim and smile	expected	4
436	218	the customers swim and smiles	unexpected	4
437	219	the customers swim and are tall	expected	4
438	219	the customers swim and is tall	unexpected	4
439	220	the customers swim and are old	expected	4
440	220	the customers swim and is old	unexpected	4
441	221	the customers swim and are young	expected	4
442	221	the customers swim and is young	unexpected	4
443	222	the customers swim and are short	expected	4
444	222	the customers swim and is short	unexpected	4
445	223	the customers smile and laugh	expected	4
446	223	the customers smile and laughs	unexpected	4
447	224	the customers smile and swim	expected	4
448	224	the customers smile and swims	unexpected	4
449	225	the customers smile and are tall	expected	4
450	225	the customers smile and is tall	unexpected	4
451	226	the customers smile and are old	expected	4
452	226	the customers smile and is old	unexpected	4
453	227	the customers smile and are young	expected	4
454	227	the customers smile and is young	unexpected	4
455	228	the customers smile and are short	expected	4
456	228	the customers smile and is short	unexpected	4
457	229	the customers are tall and laugh	expected	5
458	229	the customers are tall and laughs	unexpected	5
459	230	the customers are tall and swim	expected	5
460	230	the customers are tall and swims	unexpected	5
461	231	the customers are tall and smile	expected	5
462	231	the customers are tall and smiles	unexpected	5
463	232	the customers are tall and are old	expected	5
464	232	the customers are tall and is old	unexpected	5
465	233	the customers are tall and are young	expected	5
466	233	the customers are tall and is young	unexpected	5
467	234	the customers are tall and are short	expected	5
468	234	the customers are tall and is short	unexpected	5
469	235	the customers are old and laugh	expected	5
470	235	the customers are old and laughs	unexpected	5
471	236	the customers are old and swim	expected	5
472	236	the customers are old and swims	unexpected	5
473	237	the customers are old and smile	expected	5
474	237	the customers are old and smiles	unexpected	5
475	238	the customers are old and are tall	expected	5
476	238	the customers are old and is tall	unexpected	5
477	239	the customers are old and are young	expected	5
478	239	the customers are old and is young	unexpected	5
479	240	the customers are old and are short	expected	5
480	240	the customers are old and is short	unexpected	5
481	241	the customers are young and laugh	expected	5
482	241	the customers are young and laughs	unexpected	5
483	242	the customers are young and swim	expected	5
484	242	the customers are young and swims	unexpected	5
485	243	the customers are young and smile	expected	5
486	243	the customers are young and smiles	unexpected	5
487	244	the customers are young and are tall	expected	5
488	244	the customers are young and is tall	unexpected	5
489	245	the customers are young and are old	expected	5
490	245	the customers are young and is old	unexpected	5
491	246	the customers are young and are short	expected	5
492	246	the customers are young and is short	unexpected	5
493	247	the customers are short and laugh	expected	5
494	247	the customers are short and laughs	unexpected	5
495	248	the customers are short and swim	expected	5
496	248	the customers are short and swims	unexpected	5
497	249	the customers are short and smile	expected	5
498	249	the customers are short and smiles	unexpected	5
499	250	the customers are short and are tall	expected	5
500	250	the customers are short and is tall	unexpected	5
501	251	the customers are short and are old	expected	5
502	251	the customers are short and is old	unexpected	5
503	252	the customers are short and are young	expected	5
504	252	the customers are short and is young	unexpected	5
505	253	the officers laugh and swim	expected	4
506	253	the officers laugh and swims	unexpected	4
507	254	the officers laugh and smile	expected	4
508	254	the officers laugh and smiles	unexpected	4
509	255	the officers laugh and are tall	expected	4
510	255	the officers laugh and is tall	unexpected	4
511	256	the officers laugh and are old	expected	4
512	256	the officers laugh and is old	unexpected	4
513	257	the officers laugh and are young	expected	4
514	257	the officers laugh and is young	unexpected	4
515	258	the officers laugh and are short	expected	4
516	258	the officers laugh and is short	unexpected	4
517	259	the officers swim and laugh	expected	4
518	259	the officers swim and laughs	unexpected	4
519	260	the officers swim and smile	expected	4
520	260	the officers swim and smiles	unexpected	4
521	261	the officers swim and are tall	expected	4
522	261	the officers swim and is tall	unexpected	4
523	262	the officers swim and are old	expected	4
524	262	the officers swim and is old	unexpected	4
525	263	the officers swim and are young	expected	4
526	263	the officers swim and is young	unexpected	4
527	264	the officers swim and are short	expected	4
528	264	the officers swim and is short	unexpected	4
529	265	the officers smile and laugh	expected	4
530	265	the officers smile and laughs	unexpected	4
531	266	the officers smile and swim	expected	4
532	266	the officers smile and swims	unexpected	4
533	267	the officers smile and are tall	expected	4
534	267	the officers smile and is tall	unexpected	4
535	268	the officers smile and are old	expected	4
536	268	the officers smile and is old	unexpected	4
537	269	the officers smile and are young	expected	4
538	269	the officers smile and is young	unexpected	4
539	270	the officers smile and are short	expected	4
540	270	the officers smile and is short	unexpected	4
541	271	the officers are tall and laugh	expected	5
542	271	the officers are tall and laughs	unexpected	5
543	272	the officers are tall and swim	expected	5
544	272	the officers are tall and swims	unexpected	5
545	273	the officers are tall and smile	expected	5
546	273	the officers are tall and smiles	unexpected	5
547	274	the officers are tall and are old	expected	5
548	274	the officers are tall and is old	unexpected	5
549	275	the officers are tall and are young	expected	5
550	275	the officers are tall and is young	unexpected	5
551	276	the officers are tall and are short	expected	5
552	276	the officers are tall and is short	unexpected	5
553	277	the officers are old and laugh	expected	5
554	277	the officers are old and laughs	unexpected	5
555	278	the officers are old and swim	expected	5
556	278	the officers are old and swims	unexpected	5
557	279	the officers are old and smile	expected	5
558	279	the officers are old and smiles	unexpected	5
559	280	the officers are old and are tall	expected	5
560	280	the officers are old and is tall	unexpected	5
561	281	the officers are old and are young	expected	5
562	281	the officers are old and is young	unexpected	5
563	282	the officers are old and are short	expected	5
564	282	the officers are old and is short	unexpected	5
565	283	the officers are young and laugh	expected	5
566	283	the officers are young and laughs	unexpected	5
567	284	the officers are young and swim	expected	5
568	284	the officers are young and swims	unexpected	5
569	285	the officers are young and smile	expected	5
570	285	the officers are young and smiles	unexpected	5
571	286	the officers are young and are tall	expected	5
572	286	the officers are young and is tall	unexpected	5
573	287	the officers are young and are old	expected	5
574	287	the officers are young and is old	unexpected	5
575	288	the officers are young and are short	expected	5
576	288	the officers are young and is short	unexpected	5
577	289	the officers are short and laugh	expected	5
578	289	the officers are short and laughs	unexpected	5
579	290	the officers are short and swim	expected	5
580	290	the officers are short and swims	unexpected	5
581	291	the officers are short and smile	expected	5
582	291	the officers are short and smiles	unexpected	5
583	292	the officers are short and are tall	expected	5
584	292	the officers are short and is tall	unexpected	5
585	293	the officers are short and are old	expected	5
586	293	the officers are short and is old	unexpected	5
587	294	the officers are short and are young	expected	5
588	294	the officers are short and is young	unexpected	5
589	295	the teachers laugh and swim	expected	4
590	295	the teachers laugh and swims	unexpected	4
591	296	the teachers laugh and smile	expected	4
592	296	the teachers laugh and smiles	unexpected	4
593	297	the teachers laugh and are tall	expected	4
594	297	the teachers laugh and is tall	unexpected	4
595	298	the teachers laugh and are old	expected	4
596	298	the teachers laugh and is old	unexpected	4
597	299	the teachers laugh and are young	expected	4
598	299	the teachers laugh and is young	unexpected	4
599	300	the teachers laugh and are short	expected	4
600	300	the teachers laugh and is short	unexpected	4
601	301	the teachers swim and laugh	expected	4
602	301	the teachers swim and laughs	unexpected	4
603	302	the teachers swim and smile	expected	4
604	302	the teachers swim and smiles	unexpected	4
605	303	the teachers swim and are tall	expected	4
606	303	the teachers swim and is tall	unexpected	4
607	304	the teachers swim and are old	expected	4
608	304	the teachers swim and is old	unexpected	4
609	305	the teachers swim and are young	expected	4
610	305	the teachers swim and is young	unexpected	4
611	306	the teachers swim and are short	expected	4
612	306	the teachers swim and is short	unexpected	4
613	307	the teachers smile and laugh	expected	4
614	307	the teachers smile and laughs	unexpected	4
615	308	the teachers smile and swim	expected	4
616	308	the teachers smile and swims	unexpected	4
617	309	the teachers smile and are tall	expected	4
618	309	the teachers smile and is tall	unexpected	4
619	310	the teachers smile and are old	expected	4
620	310	the teachers smile and is old	unexpected	4
621	311	the teachers smile and are young	expected	4
622	311	the teachers smile and is young	unexpected	4
623	312	the teachers smile and are short	expected	4
624	312	the teachers smile and is short	unexpected	4
625	313	the teachers are tall and laugh	expected	5
626	313	the teachers are tall and laughs	unexpected	5
627	314	the teachers are tall and swim	expected	5
628	314	the teachers are tall and swims	unexpected	5
629	315	the teachers are tall and smile	expected	5
630	315	the teachers are tall and smiles	unexpected	5
631	316	the teachers are tall and are old	expected	5
632	316	the teachers are tall and is old	unexpected	5
633	317	the teachers are tall and are young	expected	5
634	317	the teachers are tall and is young	unexpected	5
635	318	the teachers are tall and are short	expected	5
636	318	the teachers are tall and is short	unexpected	5
637	319	the teachers are old and laugh	expected	5
638	319	the teachers are old and laughs	unexpected	5
639	320	the teachers are old and swim	expected	5
640	320	the teachers are old and swims	unexpected	5
641	321	the teachers are old and smile	expected	5
642	321	the teachers are old and smiles	unexpected	5
643	322	the teachers are old and are tall	expected	5
644	322	the teachers are old and is tall	unexpected	5
645	323	the teachers are old and are young	expected	5
646	323	the teachers are old and is young	unexpected	5
647	324	the teachers are old and are short	expected	5
648	324	the teachers are old and is short	unexpected	5
649	325	the teachers are young and laugh	expected	5
650	325	the teachers are young and laughs	unexpected	5
651	326	the teachers are young and swim	expected	5
652	326	the teachers are young and swims	unexpected	5
653	327	the teachers are young and smile	expected	5
654	327	the teachers are young and smiles	unexpected	5
655	328	the teachers are young and are tall	expected	5
656	328	the teachers are young and is tall	unexpected	5
657	329	the teachers are young and are old	expected	5
658	329	the teachers are young and is old	unexpected	5
659	330	the teachers are young and are short	expected	5
660	330	the teachers are young and is short	unexpected	5
661	331	the teachers are short and laugh	expected	5
662	331	the teachers are short and laughs	unexpected	5
663	332	the teachers are short and swim	expected	5
664	332	the teachers are short and swims	unexpected	5
665	333	the teachers are short and smile	expected	5
666	333	the teachers are short and smiles	unexpected	5
667	334	the teachers are short and are tall	expected	5
668	334	the teachers are short and is tall	unexpected	5
669	335	the teachers are short and are old	expected	5
670	335	the teachers are short and is old	unexpected	5
671	336	the teachers are short and are young	expected	5
672	336	the teachers are short and is young	unexpected	5
673	337	the senators laugh and swim	expected	4
674	337	the senators laugh and swims	unexpected	4
675	338	the senators laugh and smile	expected	4
676	338	the senators laugh and smiles	unexpected	4
677	339	the senators laugh and are tall	expected	4
678	339	the senators laugh and is tall	unexpected	4
679	340	the senators laugh and are old	expected	4
680	340	the senators laugh and is old	unexpected	4
681	341	the senators laugh and are young	expected	4
682	341	the senators laugh and is young	unexpected	4
683	342	the senators laugh and are short	expected	4
684	342	the senators laugh and is short	unexpected	4
685	343	the senators swim and laugh	expected	4
686	343	the senators swim and laughs	unexpected	4
687	344	the senators swim and smile	expected	4
688	344	the senators swim and smiles	unexpected	4
689	345	the senators swim and are tall	expected	4
690	345	the senators swim and is tall	unexpected	4
691	346	the senators swim and are old	expected	4
692	346	the senators swim and is old	unexpected	4
693	347	the senators swim and are young	expected	4
694	347	the senators swim and is young	unexpected	4
695	348	the senators swim and are short	expected	4
696	348	the senators swim and is short	unexpected	4
697	349	the senators smile and laugh	expected	4
698	349	the senators smile and laughs	unexpected	4
699	350	the senators smile and swim	expected	4
700	350	the senators smile and swims	unexpected	4
701	351	the senators smile and are tall	expected	4
702	351	the senators smile and is tall	unexpected	4
703	352	the senators smile and are old	expected	4
704	352	the senators smile and is old	unexpected	4
705	353	the senators smile and are young	expected	4
706	353	the senators smile and is young	unexpected	4
707	354	the senators smile and are short	expected	4
708	354	the senators smile and is short	unexpected	4
709	355	the senators are tall and laugh	expected	5
710	355	the senators are tall and laughs	unexpected	5
711	356	the senators are tall and swim	expected	5
712	356	the senators are tall and swims	unexpected	5
713	357	the senators are tall and smile	expected	5
714	357	the senators are tall and smiles	unexpected	5
715	358	the senators are tall and are old	expected	5
716	358	the senators are tall and is old	unexpected	5
717	359	the senators are tall and are young	expected	5
718	359	the senators are tall and is young	unexpected	5
719	360	the senators are tall and are short	expected	5
720	360	the senators are tall and is short	unexpected	5
721	361	the senators are old and laugh	expected	5
722	361	the senators are old and laughs	unexpected	5
723	362	the senators are old and swim	expected	5
724	362	the senators are old and swims	unexpected	5
725	363	the senators are old and smile	expected	5
726	363	the senators are old and smiles	unexpected	5
727	364	the senators are old and are tall	expected	5
728	364	the senators are old and is tall	unexpected	5
729	365	the senators are old and are young	expected	5
730	365	the senators are old and is young	unexpected	5
731	366	the senators are old and are short	expected	5
732	366	the senators are old and is short	unexpected	5
733	367	the senators are young and laugh	expected	5
734	367	the senators are young and laughs	unexpected	5
735	368	the senators are young and swim	expected	5
736	368	the senators are young and swims	unexpected	5
737	369	the senators are young and smile	expected	5
738	369	the senators are young and smiles	unexpected	5
739	370	the senators are young and are tall	expected	5
740	370	the senators are young and is tall	unexpected	5
741	371	the senators are young and are old	expected	5
742	371	the senators are young and is old	unexpected	5
743	372	the senators are young and are short	expected	5
744	372	the senators are young and is short	unexpected	5
745	373	the senators are short and laugh	expected	5
746	373	the senators are short and laughs	unexpected	5
747	374	the senators are short and swim	expected	5
748	374	the senators are short and swims	unexpected	5
749	375	the senators are short and smile	expected	5
750	375	the senators are short and smiles	unexpected	5
751	376	the senators are short and are tall	expected	5
752	376	the senators are short and is tall	unexpected	5
753	377	the senators are short and are old	expected	5
754	377	the senators are short and is old	unexpected	5
755	378	the senators are short and are young	expected	5
756	378	the senators are short and is young	unexpected	5
757	379	the consultants laugh and swim	expected	4
758	379	the consultants laugh and swims	unexpected	4
759	380	the consultants laugh and smile	expected	4
760	380	the consultants laugh and smiles	unexpected	4
761	381	the consultants laugh and are tall	expected	4
762	381	the consultants laugh and is tall	unexpected	4
763	382	the consultants laugh and are old	expected	4
764	382	the consultants laugh and is old	unexpected	4
765	383	the consultants laugh and are young	expected	4
766	383	the consultants laugh and is young	unexpected	4
767	384	the consultants laugh and are short	expected	4
768	384	the consultants laugh and is short	unexpected	4
769	385	the consultants swim and laugh	expected	4
770	385	the consultants swim and laughs	unexpected	4
771	386	the consultants swim and smile	expected	4
772	386	the consultants swim and smiles	unexpected	4
773	387	the consultants swim and are tall	expected	4
774	387	the consultants swim and is tall	unexpected	4
775	388	the consultants swim and are old	expected	4
776	388	the consultants swim and is old	unexpected	4
777	389	the consultants swim and are young	expected	4
778	389	the consultants swim and is young	unexpected	4
779	390	the consultants swim and are short	expected	4
780	390	the consultants swim and is short	unexpected	4
781	391	the consultants smile and laugh	expected	4
782	391	the consultants smile and laughs	unexpected	4
783	392	the consultants smile and swim	expected	4
784	392	the consultants smile and swims	unexpected	4
785	393	the consultants smile and are tall	expected	4
786	393	the consultants smile and is tall	unexpected	4
787	394	the consultants smile and are old	expected	4
788	394	the consultants smile and is old	unexpected	4
789	395	the consultants smile and are young	expected	4
790	395	the consultants smile and is young	unexpected	4
791	396	the consultants smile and are short	expected	4
792	396	the consultants smile and is short	unexpected	4
793	397	the consultants are tall and laugh	expected	5
794	397	the consultants are tall and laughs	unexpected	5
795	398	the consultants are tall and swim	expected	5
796	398	the consultants are tall and swims	unexpected	5
797	399	the consultants are tall and smile	expected	5
798	399	the consultants are tall and smiles	unexpected	5
799	400	the consultants are tall and are old	expected	5
800	400	the consultants are tall and is old	unexpected	5
801	401	the consultants are tall and are young	expected	5
802	401	the consultants are tall and is young	unexpected	5
803	402	the consultants are tall and are short	expected	5
804	402	the consultants are tall and is short	unexpected	5
805	403	the consultants are old and laugh	expected	5
806	403	the consultants are old and laughs	unexpected	5
807	404	the consultants are old and swim	expected	5
808	404	the consultants are old and swims	unexpected	5
809	405	the consultants are old and smile	expected	5
810	405	the consultants are old and smiles	unexpected	5
811	406	the consultants are old and are tall	expected	5
812	406	the consultants are old and is tall	unexpected	5
813	407	the consultants are old and are young	expected	5
814	407	the consultants are old and is young	unexpected	5
815	408	the consultants are old and are short	expected	5
816	408	the consultants are old and is short	unexpected	5
817	409	the consultants are young and laugh	expected	5
818	409	the consultants are young and laughs	unexpected	5
819	410	the consultants are young and swim	expected	5
820	410	the consultants are young and swims	unexpected	5
821	411	the consultants are young and smile	expected	5
822	411	the consultants are young and smiles	unexpected	5
823	412	the consultants are young and are tall	expected	5
824	412	the consultants are young and is tall	unexpected	5
825	413	the consultants are young and are old	expected	5
826	413	the consultants are young and is old	unexpected	5
827	414	the consultants are young and are short	expected	5
828	414	the consultants are young and is short	unexpected	5
829	415	the consultants are short and laugh	expected	5
830	415	the consultants are short and laughs	unexpected	5
831	416	the consultants are short and swim	expected	5
832	416	the consultants are short and swims	unexpected	5
833	417	the consultants are short and smile	expected	5
834	417	the consultants are short and smiles	unexpected	5
835	418	the consultants are short and are tall	expected	5
836	418	the consultants are short and is tall	unexpected	5
837	419	the consultants are short and are old	expected	5
838	419	the consultants are short and is old	unexpected	5
839	420	the consultants are short and are young	expected	5
840	420	the consultants are short and is young	unexpected	5
841	421	the author laughs and swims	expected	4
842	421	the author laughs and swim	unexpected	4
843	422	the author laughs and smiles	expected	4
844	422	the author laughs and smile	unexpected	4
845	423	the author laughs and is tall	expected	4
846	423	the author laughs and are tall	unexpected	4
847	424	the author laughs and is old	expected	4
848	424	the author laughs and are old	unexpected	4
849	425	the author laughs and is young	expected	4
850	425	the author laughs and are young	unexpected	4
851	426	the author laughs and is short	expected	4
852	426	the author laughs and are short	unexpected	4
853	427	the author swims and laughs	expected	4
854	427	the author swims and laugh	unexpected	4
855	428	the author swims and smiles	expected	4
856	428	the author swims and smile	unexpected	4
857	429	the author swims and is tall	expected	4
858	429	the author swims and are tall	unexpected	4
859	430	the author swims and is old	expected	4
860	430	the author swims and are old	unexpected	4
861	431	the author swims and is young	expected	4
862	431	the author swims and are young	unexpected	4
863	432	the author swims and is short	expected	4
864	432	the author swims and are short	unexpected	4
865	433	the author smiles and laughs	expected	4
866	433	the author smiles and laugh	unexpected	4
867	434	the author smiles and swims	expected	4
868	434	the author smiles and swim	unexpected	4
869	435	the author smiles and is tall	expected	4
870	435	the author smiles and are tall	unexpected	4
871	436	the author smiles and is old	expected	4
872	436	the author smiles and are old	unexpected	4
873	437	the author smiles and is young	expected	4
874	437	the author smiles and are young	unexpected	4
875	438	the author smiles and is short	expected	4
876	438	the author smiles and are short	unexpected	4
877	439	the author is tall and laughs	expected	5
878	439	the author is tall and laugh	unexpected	5
879	440	the author is tall and swims	expected	5
880	440	the author is tall and swim	unexpected	5
881	441	the author is tall and smiles	expected	5
882	441	the author is tall and smile	unexpected	5
883	442	the author is tall and is old	expected	5
884	442	the author is tall and are old	unexpected	5
885	443	the author is tall and is young	expected	5
886	443	the author is tall and are young	unexpected	5
887	444	the author is tall and is short	expected	5
888	444	the author is tall and are short	unexpected	5
889	445	the author is old and laughs	expected	5
890	445	the author is old and laugh	unexpected	5
891	446	the author is old and swims	expected	5
892	446	the author is old and swim	unexpected	5
893	447	the author is old and smiles	expected	5
894	447	the author is old and smile	unexpected	5
895	448	the author is old and is tall	expected	5
896	448	the author is old and are tall	unexpected	5
897	449	the author is old and is young	expected	5
898	449	the author is old and are young	unexpected	5
899	450	the author is old and is short	expected	5
900	450	the author is old and are short	unexpected	5
901	451	the author is young and laughs	expected	5
902	451	the author is young and laugh	unexpected	5
903	452	the author is young and swims	expected	5
904	452	the author is young and swim	unexpected	5
905	453	the author is young and smiles	expected	5
906	453	the author is young and smile	unexpected	5
907	454	the author is young and is tall	expected	5
908	454	the author is young and are tall	unexpected	5
909	455	the author is young and is old	expected	5
910	455	the author is young and are old	unexpected	5
911	456	the author is young and is short	expected	5
912	456	the author is young and are short	unexpected	5
913	457	the author is short and laughs	expected	5
914	457	the author is short and laugh	unexpected	5
915	458	the author is short and swims	expected	5
916	458	the author is short and swim	unexpected	5
917	459	the author is short and smiles	expected	5
918	459	the author is short and smile	unexpected	5
919	460	the author is short and is tall	expected	5
920	460	the author is short and are tall	unexpected	5
921	461	the author is short and is old	expected	5
922	461	the author is short and are old	unexpected	5
923	462	the author is short and is young	expected	5
924	462	the author is short and are young	unexpected	5
925	463	the pilot laughs and swims	expected	4
926	463	the pilot laughs and swim	unexpected	4
927	464	the pilot laughs and smiles	expected	4
928	464	the pilot laughs and smile	unexpected	4
929	465	the pilot laughs and is tall	expected	4
930	465	the pilot laughs and are tall	unexpected	4
931	466	the pilot laughs and is old	expected	4
932	466	the pilot laughs and are old	unexpected	4
933	467	the pilot laughs and is young	expected	4
934	467	the pilot laughs and are young	unexpected	4
935	468	the pilot laughs and is short	expected	4
936	468	the pilot laughs and are short	unexpected	4
937	469	the pilot swims and laughs	expected	4
938	469	the pilot swims and laugh	unexpected	4
939	470	the pilot swims and smiles	expected	4
940	470	the pilot swims and smile	unexpected	4
941	471	the pilot swims and is tall	expected	4
942	471	the pilot swims and are tall	unexpected	4
943	472	the pilot swims and is old	expected	4
944	472	the pilot swims and are old	unexpected	4
945	473	the pilot swims and is young	expected	4
946	473	the pilot swims and are young	unexpected	4
947	474	the pilot swims and is short	expected	4
948	474	the pilot swims and are short	unexpected	4
949	475	the pilot smiles and laughs	expected	4
950	475	the pilot smiles and laugh	unexpected	4
951	476	the pilot smiles and swims	expected	4
952	476	the pilot smiles and swim	unexpected	4
953	477	the pilot smiles and is tall	expected	4
954	477	the pilot smiles and are tall	unexpected	4
955	478	the pilot smiles and is old	expected	4
956	478	the pilot smiles and are old	unexpected	4
957	479	the pilot smiles and is young	expected	4
958	479	the pilot smiles and are young	unexpected	4
959	480	the pilot smiles and is short	expected	4
960	480	the pilot smiles and are short	unexpected	4
961	481	the pilot is tall and laughs	expected	5
962	481	the pilot is tall and laugh	unexpected	5
963	482	the pilot is tall and swims	expected	5
964	482	the pilot is tall and swim	unexpected	5
965	483	the pilot is tall and smiles	expected	5
966	483	the pilot is tall and smile	unexpected	5
967	484	the pilot is tall and is old	expected	5
968	484	the pilot is tall and are old	unexpected	5
969	485	the pilot is tall and is young	expected	5
970	485	the pilot is tall and are young	unexpected	5
971	486	the pilot is tall and is short	expected	5
972	486	the pilot is tall and are short	unexpected	5
973	487	the pilot is old and laughs	expected	5
974	487	the pilot is old and laugh	unexpected	5
975	488	the pilot is old and swims	expected	5
976	488	the pilot is old and swim	unexpected	5
977	489	the pilot is old and smiles	expected	5
978	489	the pilot is old and smile	unexpected	5
979	490	the pilot is old and is tall	expected	5
980	490	the pilot is old and are tall	unexpected	5
981	491	the pilot is old and is young	expected	5
982	491	the pilot is old and are young	unexpected	5
983	492	the pilot is old and is short	expected	5
984	492	the pilot is old and are short	unexpected	5
985	493	the pilot is young and laughs	expected	5
986	493	the pilot is young and laugh	unexpected	5
987	494	the pilot is young and swims	expected	5
988	494	the pilot is young and swim	unexpected	5
989	495	the pilot is young and smiles	expected	5
990	495	the pilot is young and smile	unexpected	5
991	496	the pilot is young and is tall	expected	5
992	496	the pilot is young and are tall	unexpected	5
993	497	the pilot is young and is old	expected	5
994	497	the pilot is young and are old	unexpected	5
995	498	the pilot is young and is short	expected	5
996	498	the pilot is young and are short	unexpected	5
997	499	the pilot is short and laughs	expected	5
998	499	the pilot is short and laugh	unexpected	5
999	500	the pilot is short and swims	expected	5
1000	500	the pilot is short and swim	unexpected	5
1001	501	the pilot is short and smiles	expected	5
1002	501	the pilot is short and smile	unexpected	5
1003	502	the pilot is short and is tall	expected	5
1004	502	the pilot is short and are tall	unexpected	5
1005	503	the pilot is short and is old	expected	5
1006	503	the pilot is short and are old	unexpected	5
1007	504	the pilot is short and is young	expected	5
1008	504	the pilot is short and are young	unexpected	5
1009	505	the surgeon laughs and swims	expected	4
1010	505	the surgeon laughs and swim	unexpected	4
1011	506	the surgeon laughs and smiles	expected	4
1012	506	the surgeon laughs and smile	unexpected	4
1013	507	the surgeon laughs and is tall	expected	4
1014	507	the surgeon laughs and are tall	unexpected	4
1015	508	the surgeon laughs and is old	expected	4
1016	508	the surgeon laughs and are old	unexpected	4
1017	509	the surgeon laughs and is young	expected	4
1018	509	the surgeon laughs and are young	unexpected	4
1019	510	the surgeon laughs and is short	expected	4
1020	510	the surgeon laughs and are short	unexpected	4
1021	511	the surgeon swims and laughs	expected	4
1022	511	the surgeon swims and laugh	unexpected	4
1023	512	the surgeon swims and smiles	expected	4
1024	512	the surgeon swims and smile	unexpected	4
1025	513	the surgeon swims and is tall	expected	4
1026	513	the surgeon swims and are tall	unexpected	4
1027	514	the surgeon swims and is old	expected	4
1028	514	the surgeon swims and are old	unexpected	4
1029	515	the surgeon swims and is young	expected	4
1030	515	the surgeon swims and are young	unexpected	4
1031	516	the surgeon swims and is short	expected	4
1032	516	the surgeon swims and are short	unexpected	4
1033	517	the surgeon smiles and laughs	expected	4
1034	517	the surgeon smiles and laugh	unexpected	4
1035	518	the surgeon smiles and swims	expected	4
1036	518	the surgeon smiles and swim	unexpected	4
1037	519	the surgeon smiles and is tall	expected	4
1038	519	the surgeon smiles and are tall	unexpected	4
1039	520	the surgeon smiles and is old	expected	4
1040	520	the surgeon smiles and are old	unexpected	4
1041	521	the surgeon smiles and is young	expected	4
1042	521	the surgeon smiles and are young	unexpected	4
1043	522	the surgeon smiles and is short	expected	4
1044	522	the surgeon smiles and are short	unexpected	4
1045	523	the surgeon is tall and laughs	expected	5
1046	523	the surgeon is tall and laugh	unexpected	5
1047	524	the surgeon is tall and swims	expected	5
1048	524	the surgeon is tall and swim	unexpected	5
1049	525	the surgeon is tall and smiles	expected	5
1050	525	the surgeon is tall and smile	unexpected	5
1051	526	the surgeon is tall and is old	expected	5
1052	526	the surgeon is tall and are old	unexpected	5
1053	527	the surgeon is tall and is young	expected	5
1054	527	the surgeon is tall and are young	unexpected	5
1055	528	the surgeon is tall and is short	expected	5
1056	528	the surgeon is tall and are short	unexpected	5
1057	529	the surgeon is old and laughs	expected	5
1058	529	the surgeon is old and laugh	unexpected	5
1059	530	the surgeon is old and swims	expected	5
1060	530	the surgeon is old and swim	unexpected	5
1061	531	the surgeon is old and smiles	expected	5
1062	531	the surgeon is old and smile	unexpected	5
1063	532	the surgeon is old and is tall	expected	5
1064	532	the surgeon is old and are tall	unexpected	5
1065	533	the surgeon is old and is young	expected	5
1066	533	the surgeon is old and are young	unexpected	5
1067	534	the surgeon is old and is short	expected	5
1068	534	the surgeon is old and are short	unexpected	5
1069	535	the surgeon is young and laughs	expected	5
1070	535	the surgeon is young and laugh	unexpected	5
1071	536	the surgeon is young and swims	expected	5
1072	536	the surgeon is young and swim	unexpected	5
1073	537	the surgeon is young and smiles	expected	5
1074	537	the surgeon is young and smile	unexpected	5
1075	538	the surgeon is young and is tall	expected	5
1076	538	the surgeon is young and are tall	unexpected	5
1077	539	the surgeon is young and is old	expected	5
1078	539	the surgeon is young and are old	unexpected	5
1079	540	the surgeon is young and is short	expected	5
1080	540	the surgeon is young and are short	unexpected	5
1081	541	the surgeon is short and laughs	expected	5
1082	541	the surgeon is short and laugh	unexpected	5
1083	542	the surgeon is short and swims	expected	5
1084	542	the surgeon is short and swim	unexpected	5
1085	543	the surgeon is short and smiles	expected	5
1086	543	the surgeon is short and smile	unexpected	5
1087	544	the surgeon is short and is tall	expected	5
1088	544	the surgeon is short and are tall	unexpected	5
1089	545	the surgeon is short and is old	expected	5
1090	545	the surgeon is short and are old	unexpected	5
1091	546	the surgeon is short and is young	expected	5
1092	546	the surgeon is short and are young	unexpected	5
1093	547	the farmer laughs and swims	expected	4
1094	547	the farmer laughs and swim	unexpected	4
1095	548	the farmer laughs and smiles	expected	4
1096	548	the farmer laughs and smile	unexpected	4
1097	549	the farmer laughs and is tall	expected	4
1098	549	the farmer laughs and are tall	unexpected	4
1099	550	the farmer laughs and is old	expected	4
1100	550	the farmer laughs and are old	unexpected	4
1101	551	the farmer laughs and is young	expected	4
1102	551	the farmer laughs and are young	unexpected	4
1103	552	the farmer laughs and is short	expected	4
1104	552	the farmer laughs and are short	unexpected	4
1105	553	the farmer swims and laughs	expected	4
1106	553	the farmer swims and laugh	unexpected	4
1107	554	the farmer swims and smiles	expected	4
1108	554	the farmer swims and smile	unexpected	4
1109	555	the farmer swims and is tall	expected	4
1110	555	the farmer swims and are tall	unexpected	4
1111	556	the farmer swims and is old	expected	4
1112	556	the farmer swims and are old	unexpected	4
1113	557	the farmer swims and is young	expected	4
1114	557	the farmer swims and are young	unexpected	4
1115	558	the farmer swims and is short	expected	4
1116	558	the farmer swims and are short	unexpected	4
1117	559	the farmer smiles and laughs	expected	4
1118	559	the farmer smiles and laugh	unexpected	4
1119	560	the farmer smiles and swims	expected	4
1120	560	the farmer smiles and swim	unexpected	4
1121	561	the farmer smiles and is tall	expected	4
1122	561	the farmer smiles and are tall	unexpected	4
1123	562	the farmer smiles and is old	expected	4
1124	562	the farmer smiles and are old	unexpected	4
1125	563	the farmer smiles and is young	expected	4
1126	563	the farmer smiles and are young	unexpected	4
1127	564	the farmer smiles and is short	expected	4
1128	564	the farmer smiles and are short	unexpected	4
1129	565	the farmer is tall and laughs	expected	5
1130	565	the farmer is tall and laugh	unexpected	5
1131	566	the farmer is tall and swims	expected	5
1132	566	the farmer is tall and swim	unexpected	5
1133	567	the farmer is tall and smiles	expected	5
1134	567	the farmer is tall and smile	unexpected	5
1135	568	the farmer is tall and is old	expected	5
1136	568	the farmer is tall and are old	unexpected	5
1137	569	the farmer is tall and is young	expected	5
1138	569	the farmer is tall and are young	unexpected	5
1139	570	the farmer is tall and is short	expected	5
1140	570	the farmer is tall and are short	unexpected	5
1141	571	the farmer is old and laughs	expected	5
1142	571	the farmer is old and laugh	unexpected	5
1143	572	the farmer is old and swims	expected	5
1144	572	the farmer is old and swim	unexpected	5
1145	573	the farmer is old and smiles	expected	5
1146	573	the farmer is old and smile	unexpected	5
1147	574	the farmer is old and is tall	expected	5
1148	574	the farmer is old and are tall	unexpected	5
1149	575	the farmer is old and is young	expected	5
1150	575	the farmer is old and are young	unexpected	5
1151	576	the farmer is old and is short	expected	5
1152	576	the farmer is old and are short	unexpected	5
1153	577	the farmer is young and laughs	expected	5
1154	577	the farmer is young and laugh	unexpected	5
1155	578	the farmer is young and swims	expected	5
1156	578	the farmer is young and swim	unexpected	5
1157	579	the farmer is young and smiles	expected	5
1158	579	the farmer is young and smile	unexpected	5
1159	580	the farmer is young and is tall	expected	5
1160	580	the farmer is young and are tall	unexpected	5
1161	581	the farmer is young and is old	expected	5
1162	581	the farmer is young and are old	unexpected	5
1163	582	the farmer is young and is short	expected	5
1164	582	the farmer is young and are short	unexpected	5
1165	583	the farmer is short and laughs	expected	5
1166	583	the farmer is short and laugh	unexpected	5
1167	584	the farmer is short and swims	expected	5
1168	584	the farmer is short and swim	unexpected	5
1169	585	the farmer is short and smiles	expected	5
1170	585	the farmer is short and smile	unexpected	5
1171	586	the farmer is short and is tall	expected	5
1172	586	the farmer is short and are tall	unexpected	5
1173	587	the farmer is short and is old	expected	5
1174	587	the farmer is short and are old	unexpected	5
1175	588	the farmer is short and is young	expected	5
1176	588	the farmer is short and are young	unexpected	5
1177	589	the manager laughs and swims	expected	4
1178	589	the manager laughs and swim	unexpected	4
1179	590	the manager laughs and smiles	expected	4
1180	590	the manager laughs and smile	unexpected	4
1181	591	the manager laughs and is tall	expected	4
1182	591	the manager laughs and are tall	unexpected	4
1183	592	the manager laughs and is old	expected	4
1184	592	the manager laughs and are old	unexpected	4
1185	593	the manager laughs and is young	expected	4
1186	593	the manager laughs and are young	unexpected	4
1187	594	the manager laughs and is short	expected	4
1188	594	the manager laughs and are short	unexpected	4
1189	595	the manager swims and laughs	expected	4
1190	595	the manager swims and laugh	unexpected	4
1191	596	the manager swims and smiles	expected	4
1192	596	the manager swims and smile	unexpected	4
1193	597	the manager swims and is tall	expected	4
1194	597	the manager swims and are tall	unexpected	4
1195	598	the manager swims and is old	expected	4
1196	598	the manager swims and are old	unexpected	4
1197	599	the manager swims and is young	expected	4
1198	599	the manager swims and are young	unexpected	4
1199	600	the manager swims and is short	expected	4
1200	600	the manager swims and are short	unexpected	4
1201	601	the manager smiles and laughs	expected	4
1202	601	the manager smiles and laugh	unexpected	4
1203	602	the manager smiles and swims	expected	4
1204	602	the manager smiles and swim	unexpected	4
1205	603	the manager smiles and is tall	expected	4
1206	603	the manager smiles and are tall	unexpected	4
1207	604	the manager smiles and is old	expected	4
1208	604	the manager smiles and are old	unexpected	4
1209	605	the manager smiles and is young	expected	4
1210	605	the manager smiles and are young	unexpected	4
1211	606	the manager smiles and is short	expected	4
1212	606	the manager smiles and are short	unexpected	4
1213	607	the manager is tall and laughs	expected	5
1214	607	the manager is tall and laugh	unexpected	5
1215	608	the manager is tall and swims	expected	5
1216	608	the manager is tall and swim	unexpected	5
1217	609	the manager is tall and smiles	expected	5
1218	609	the manager is tall and smile	unexpected	5
1219	610	the manager is tall and is old	expected	5
1220	610	the manager is tall and are old	unexpected	5
1221	611	the manager is tall and is young	expected	5
1222	611	the manager is tall and are young	unexpected	5
1223	612	the manager is tall and is short	expected	5
1224	612	the manager is tall and are short	unexpected	5
1225	613	the manager is old and laughs	expected	5
1226	613	the manager is old and laugh	unexpected	5
1227	614	the manager is old and swims	expected	5
1228	614	the manager is old and swim	unexpected	5
1229	615	the manager is old and smiles	expected	5
1230	615	the manager is old and smile	unexpected	5
1231	616	the manager is old and is tall	expected	5
1232	616	the manager is old and are tall	unexpected	5
1233	617	the manager is old and is young	expected	5
1234	617	the manager is old and are young	unexpected	5
1235	618	the manager is old and is short	expected	5
1236	618	the manager is old and are short	unexpected	5
1237	619	the manager is young and laughs	expected	5
1238	619	the manager is young and laugh	unexpected	5
1239	620	the manager is young and swims	expected	5
1240	620	the manager is young and swim	unexpected	5
1241	621	the manager is young and smiles	expected	5
1242	621	the manager is young and smile	unexpected	5
1243	622	the manager is young and is tall	expected	5
1244	622	the manager is young and are tall	unexpected	5
1245	623	the manager is young and is old	expected	5
1246	623	the manager is young and are old	unexpected	5
1247	624	the manager is young and is short	expected	5
1248	624	the manager is young and are short	unexpected	5
1249	625	the manager is short and laughs	expected	5
1250	625	the manager is short and laugh	unexpected	5
1251	626	the manager is short and swims	expected	5
1252	626	the manager is short and swim	unexpected	5
1253	627	the manager is short and smiles	expected	5
1254	627	the manager is short and smile	unexpected	5
1255	628	the manager is short and is tall	expected	5
1256	628	the manager is short and are tall	unexpected	5
1257	629	the manager is short and is old	expected	5
1258	629	the manager is short and are old	unexpected	5
1259	630	the manager is short and is young	expected	5
1260	630	the manager is short and are young	unexpected	5
1261	631	the customer laughs and swims	expected	4
1262	631	the customer laughs and swim	unexpected	4
1263	632	the customer laughs and smiles	expected	4
1264	632	the customer laughs and smile	unexpected	4
1265	633	the customer laughs and is tall	expected	4
1266	633	the customer laughs and are tall	unexpected	4
1267	634	the customer laughs and is old	expected	4
1268	634	the customer laughs and are old	unexpected	4
1269	635	the customer laughs and is young	expected	4
1270	635	the customer laughs and are young	unexpected	4
1271	636	the customer laughs and is short	expected	4
1272	636	the customer laughs and are short	unexpected	4
1273	637	the customer swims and laughs	expected	4
1274	637	the customer swims and laugh	unexpected	4
1275	638	the customer swims and smiles	expected	4
1276	638	the customer swims and smile	unexpected	4
1277	639	the customer swims and is tall	expected	4
1278	639	the customer swims and are tall	unexpected	4
1279	640	the customer swims and is old	expected	4
1280	640	the customer swims and are old	unexpected	4
1281	641	the customer swims and is young	expected	4
1282	641	the customer swims and are young	unexpected	4
1283	642	the customer swims and is short	expected	4
1284	642	the customer swims and are short	unexpected	4
1285	643	the customer smiles and laughs	expected	4
1286	643	the customer smiles and laugh	unexpected	4
1287	644	the customer smiles and swims	expected	4
1288	644	the customer smiles and swim	unexpected	4
1289	645	the customer smiles and is tall	expected	4
1290	645	the customer smiles and are tall	unexpected	4
1291	646	the customer smiles and is old	expected	4
1292	646	the customer smiles and are old	unexpected	4
1293	647	the customer smiles and is young	expected	4
1294	647	the customer smiles and are young	unexpected	4
1295	648	the customer smiles and is short	expected	4
1296	648	the customer smiles and are short	unexpected	4
1297	649	the customer is tall and laughs	expected	5
1298	649	the customer is tall and laugh	unexpected	5
1299	650	the customer is tall and swims	expected	5
1300	650	the customer is tall and swim	unexpected	5
1301	651	the customer is tall and smiles	expected	5
1302	651	the customer is tall and smile	unexpected	5
1303	652	the customer is tall and is old	expected	5
1304	652	the customer is tall and are old	unexpected	5
1305	653	the customer is tall and is young	expected	5
1306	653	the customer is tall and are young	unexpected	5
1307	654	the customer is tall and is short	expected	5
1308	654	the customer is tall and are short	unexpected	5
1309	655	the customer is old and laughs	expected	5
1310	655	the customer is old and laugh	unexpected	5
1311	656	the customer is old and swims	expected	5
1312	656	the customer is old and swim	unexpected	5
1313	657	the customer is old and smiles	expected	5
1314	657	the customer is old and smile	unexpected	5
1315	658	the customer is old and is tall	expected	5
1316	658	the customer is old and are tall	unexpected	5
1317	659	the customer is old and is young	expected	5
1318	659	the customer is old and are young	unexpected	5
1319	660	the customer is old and is short	expected	5
1320	660	the customer is old and are short	unexpected	5
1321	661	the customer is young and laughs	expected	5
1322	661	the customer is young and laugh	unexpected	5
1323	662	the customer is young and swims	expected	5
1324	662	the customer is young and swim	unexpected	5
1325	663	the customer is young and smiles	expected	5
1326	663	the customer is young and smile	unexpected	5
1327	664	the customer is young and is tall	expected	5
1328	664	the customer is young and are tall	unexpected	5
1329	665	the customer is young and is old	expected	5
1330	665	the customer is young and are old	unexpected	5
1331	666	the customer is young and is short	expected	5
1332	666	the customer is young and are short	unexpected	5
1333	667	the customer is short and laughs	expected	5
1334	667	the customer is short and laugh	unexpected	5
1335	668	the customer is short and swims	expected	5
1336	668	the customer is short and swim	unexpected	5
1337	669	the customer is short and smiles	expected	5
1338	669	the customer is short and smile	unexpected	5
1339	670	the customer is short and is tall	expected	5
1340	670	the customer is short and are tall	unexpected	5
1341	671	the customer is short and is old	expected	5
1342	671	the customer is short and are old	unexpected	5
1343	672	the customer is short and is young	expected	5
1344	672	the customer is short and are young	unexpected	5
1345	673	the officer laughs and swims	expected	4
1346	673	the officer laughs and swim	unexpected	4
1347	674	the officer laughs and smiles	expected	4
1348	674	the officer laughs and smile	unexpected	4
1349	675	the officer laughs and is tall	expected	4
1350	675	the officer laughs and are tall	unexpected	4
1351	676	the officer laughs and is old	expected	4
1352	676	the officer laughs and are old	unexpected	4
1353	677	the officer laughs and is young	expected	4
1354	677	the officer laughs and are young	unexpected	4
1355	678	the officer laughs and is short	expected	4
1356	678	the officer laughs and are short	unexpected	4
1357	679	the officer swims and laughs	expected	4
1358	679	the officer swims and laugh	unexpected	4
1359	680	the officer swims and smiles	expected	4
1360	680	the officer swims and smile	unexpected	4
1361	681	the officer swims and is tall	expected	4
1362	681	the officer swims and are tall	unexpected	4
1363	682	the officer swims and is old	expected	4
1364	682	the officer swims and are old	unexpected	4
1365	683	the officer swims and is young	expected	4
1366	683	the officer swims and are young	unexpected	4
1367	684	the officer swims and is short	expected	4
1368	684	the officer swims and are short	unexpected	4
1369	685	the officer smiles and laughs	expected	4
1370	685	the officer smiles and laugh	unexpected	4
1371	686	the officer smiles and swims	expected	4
1372	686	the officer smiles and swim	unexpected	4
1373	687	the officer smiles and is tall	expected	4
1374	687	the officer smiles and are tall	unexpected	4
1375	688	the officer smiles and is old	expected	4
1376	688	the officer smiles and are old	unexpected	4
1377	689	the officer smiles and is young	expected	4
1378	689	the officer smiles and are young	unexpected	4
1379	690	the officer smiles and is short	expected	4
1380	690	the officer smiles and are short	unexpected	4
1381	691	the officer is tall and laughs	expected	5
1382	691	the officer is tall and laugh	unexpected	5
1383	692	the officer is tall and swims	expected	5
1384	692	the officer is tall and swim	unexpected	5
1385	693	the officer is tall and smiles	expected	5
1386	693	the officer is tall and smile	unexpected	5
1387	694	the officer is tall and is old	expected	5
1388	694	the officer is tall and are old	unexpected	5
1389	695	the officer is tall and is young	expected	5
1390	695	the officer is tall and are young	unexpected	5
1391	696	the officer is tall and is short	expected	5
1392	696	the officer is tall and are short	unexpected	5
1393	697	the officer is old and laughs	expected	5
1394	697	the officer is old and laugh	unexpected	5
1395	698	the officer is old and swims	expected	5
1396	698	the officer is old and swim	unexpected	5
1397	699	the officer is old and smiles	expected	5
1398	699	the officer is old and smile	unexpected	5
1399	700	the officer is old and is tall	expected	5
1400	700	the officer is old and are tall	unexpected	5
1401	701	the officer is old and is young	expected	5
1402	701	the officer is old and are young	unexpected	5
1403	702	the officer is old and is short	expected	5
1404	702	the officer is old and are short	unexpected	5
1405	703	the officer is young and laughs	expected	5
1406	703	the officer is young and laugh	unexpected	5
1407	704	the officer is young and swims	expected	5
1408	704	the officer is young and swim	unexpected	5
1409	705	the officer is young and smiles	expected	5
1410	705	the officer is young and smile	unexpected	5
1411	706	the officer is young and is tall	expected	5
1412	706	the officer is young and are tall	unexpected	5
1413	707	the officer is young and is old	expected	5
1414	707	the officer is young and are old	unexpected	5
1415	708	the officer is young and is short	expected	5
1416	708	the officer is young and are short	unexpected	5
1417	709	the officer is short and laughs	expected	5
1418	709	the officer is short and laugh	unexpected	5
1419	710	the officer is short and swims	expected	5
1420	710	the officer is short and swim	unexpected	5
1421	711	the officer is short and smiles	expected	5
1422	711	the officer is short and smile	unexpected	5
1423	712	the officer is short and is tall	expected	5
1424	712	the officer is short and are tall	unexpected	5
1425	713	the officer is short and is old	expected	5
1426	713	the officer is short and are old	unexpected	5
1427	714	the officer is short and is young	expected	5
1428	714	the officer is short and are young	unexpected	5
1429	715	the teacher laughs and swims	expected	4
1430	715	the teacher laughs and swim	unexpected	4
1431	716	the teacher laughs and smiles	expected	4
1432	716	the teacher laughs and smile	unexpected	4
1433	717	the teacher laughs and is tall	expected	4
1434	717	the teacher laughs and are tall	unexpected	4
1435	718	the teacher laughs and is old	expected	4
1436	718	the teacher laughs and are old	unexpected	4
1437	719	the teacher laughs and is young	expected	4
1438	719	the teacher laughs and are young	unexpected	4
1439	720	the teacher laughs and is short	expected	4
1440	720	the teacher laughs and are short	unexpected	4
1441	721	the teacher swims and laughs	expected	4
1442	721	the teacher swims and laugh	unexpected	4
1443	722	the teacher swims and smiles	expected	4
1444	722	the teacher swims and smile	unexpected	4
1445	723	the teacher swims and is tall	expected	4
1446	723	the teacher swims and are tall	unexpected	4
1447	724	the teacher swims and is old	expected	4
1448	724	the teacher swims and are old	unexpected	4
1449	725	the teacher swims and is young	expected	4
1450	725	the teacher swims and are young	unexpected	4
1451	726	the teacher swims and is short	expected	4
1452	726	the teacher swims and are short	unexpected	4
1453	727	the teacher smiles and laughs	expected	4
1454	727	the teacher smiles and laugh	unexpected	4
1455	728	the teacher smiles and swims	expected	4
1456	728	the teacher smiles and swim	unexpected	4
1457	729	the teacher smiles and is tall	expected	4
1458	729	the teacher smiles and are tall	unexpected	4
1459	730	the teacher smiles and is old	expected	4
1460	730	the teacher smiles and are old	unexpected	4
1461	731	the teacher smiles and is young	expected	4
1462	731	the teacher smiles and are young	unexpected	4
1463	732	the teacher smiles and is short	expected	4
1464	732	the teacher smiles and are short	unexpected	4
1465	733	the teacher is tall and laughs	expected	5
1466	733	the teacher is tall and laugh	unexpected	5
1467	734	the teacher is tall and swims	expected	5
1468	734	the teacher is tall and swim	unexpected	5
1469	735	the teacher is tall and smiles	expected	5
1470	735	the teacher is tall and smile	unexpected	5
1471	736	the teacher is tall and is old	expected	5
1472	736	the teacher is tall and are old	unexpected	5
1473	737	the teacher is tall and is young	expected	5
1474	737	the teacher is tall and are young	unexpected	5
1475	738	the teacher is tall and is short	expected	5
1476	738	the teacher is tall and are short	unexpected	5
1477	739	the teacher is old and laughs	expected	5
1478	739	the teacher is old and laugh	unexpected	5
1479	740	the teacher is old and swims	expected	5
1480	740	the teacher is old and swim	unexpected	5
1481	741	the teacher is old and smiles	expected	5
1482	741	the teacher is old and smile	unexpected	5
1483	742	the teacher is old and is tall	expected	5
1484	742	the teacher is old and are tall	unexpected	5
1485	743	the teacher is old and is young	expected	5
1486	743	the teacher is old and are young	unexpected	5
1487	744	the teacher is old and is short	expected	5
1488	744	the teacher is old and are short	unexpected	5
1489	745	the teacher is young and laughs	expected	5
1490	745	the teacher is young and laugh	unexpected	5
1491	746	the teacher is young and swims	expected	5
1492	746	the teacher is young and swim	unexpected	5
1493	747	the teacher is young and smiles	expected	5
1494	747	the teacher is young and smile	unexpected	5
1495	748	the teacher is young and is tall	expected	5
1496	748	the teacher is young and are tall	unexpected	5
1497	749	the teacher is young and is old	expected	5
1498	749	the teacher is young and are old	unexpected	5
1499	750	the teacher is young and is short	expected	5
1500	750	the teacher is young and are short	unexpected	5
1501	751	the teacher is short and laughs	expected	5
1502	751	the teacher is short and laugh	unexpected	5
1503	752	the teacher is short and swims	expected	5
1504	752	the teacher is short and swim	unexpected	5
1505	753	the teacher is short and smiles	expected	5
1506	753	the teacher is short and smile	unexpected	5
1507	754	the teacher is short and is tall	expected	5
1508	754	the teacher is short and are tall	unexpected	5
1509	755	the teacher is short and is old	expected	5
1510	755	the teacher is short and are old	unexpected	5
1511	756	the teacher is short and is young	expected	5
1512	756	the teacher is short and are young	unexpected	5
1513	757	the senator laughs and swims	expected	4
1514	757	the senator laughs and swim	unexpected	4
1515	758	the senator laughs and smiles	expected	4
1516	758	the senator laughs and smile	unexpected	4
1517	759	the senator laughs and is tall	expected	4
1518	759	the senator laughs and are tall	unexpected	4
1519	760	the senator laughs and is old	expected	4
1520	760	the senator laughs and are old	unexpected	4
1521	761	the senator laughs and is young	expected	4
1522	761	the senator laughs and are young	unexpected	4
1523	762	the senator laughs and is short	expected	4
1524	762	the senator laughs and are short	unexpected	4
1525	763	the senator swims and laughs	expected	4
1526	763	the senator swims and laugh	unexpected	4
1527	764	the senator swims and smiles	expected	4
1528	764	the senator swims and smile	unexpected	4
1529	765	the senator swims and is tall	expected	4
1530	765	the senator swims and are tall	unexpected	4
1531	766	the senator swims and is old	expected	4
1532	766	the senator swims and are old	unexpected	4
1533	767	the senator swims and is young	expected	4
1534	767	the senator swims and are young	unexpected	4
1535	768	the senator swims and is short	expected	4
1536	768	the senator swims and are short	unexpected	4
1537	769	the senator smiles and laughs	expected	4
1538	769	the senator smiles and laugh	unexpected	4
1539	770	the senator smiles and swims	expected	4
1540	770	the senator smiles and swim	unexpected	4
1541	771	the senator smiles and is tall	expected	4
1542	771	the senator smiles and are tall	unexpected	4
1543	772	the senator smiles and is old	expected	4
1544	772	the senator smiles and are old	unexpected	4
1545	773	the senator smiles and is young	expected	4
1546	773	the senator smiles and are young	unexpected	4
1547	774	the senator smiles and is short	expected	4
1548	774	the senator smiles and are short	unexpected	4
1549	775	the senator is tall and laughs	expected	5
1550	775	the senator is tall and laugh	unexpected	5
1551	776	the senator is tall and swims	expected	5
1552	776	the senator is tall and swim	unexpected	5
1553	777	the senator is tall and smiles	expected	5
1554	777	the senator is tall and smile	unexpected	5
1555	778	the senator is tall and is old	expected	5
1556	778	the senator is tall and are old	unexpected	5
1557	779	the senator is tall and is young	expected	5
1558	779	the senator is tall and are young	unexpected	5
1559	780	the senator is tall and is short	expected	5
1560	780	the senator is tall and are short	unexpected	5
1561	781	the senator is old and laughs	expected	5
1562	781	the senator is old and laugh	unexpected	5
1563	782	the senator is old and swims	expected	5
1564	782	the senator is old and swim	unexpected	5
1565	783	the senator is old and smiles	expected	5
1566	783	the senator is old and smile	unexpected	5
1567	784	the senator is old and is tall	expected	5
1568	784	the senator is old and are tall	unexpected	5
1569	785	the senator is old and is young	expected	5
1570	785	the senator is old and are young	unexpected	5
1571	786	the senator is old and is short	expected	5
1572	786	the senator is old and are short	unexpected	5
1573	787	the senator is young and laughs	expected	5
1574	787	the senator is young and laugh	unexpected	5
1575	788	the senator is young and swims	expected	5
1576	788	the senator is young and swim	unexpected	5
1577	789	the senator is young and smiles	expected	5
1578	789	the senator is young and smile	unexpected	5
1579	790	the senator is young and is tall	expected	5
1580	790	the senator is young and are tall	unexpected	5
1581	791	the senator is young and is old	expected	5
1582	791	the senator is young and are old	unexpected	5
1583	792	the senator is young and is short	expected	5
1584	792	the senator is young and are short	unexpected	5
1585	793	the senator is short and laughs	expected	5
1586	793	the senator is short and laugh	unexpected	5
1587	794	the senator is short and swims	expected	5
1588	794	the senator is short and swim	unexpected	5
1589	795	the senator is short and smiles	expected	5
1590	795	the senator is short and smile	unexpected	5
1591	796	the senator is short and is tall	expected	5
1592	796	the senator is short and are tall	unexpected	5
1593	797	the senator is short and is old	expected	5
1594	797	the senator is short and are old	unexpected	5
1595	798	the senator is short and is young	expected	5
1596	798	the senator is short and are young	unexpected	5
1597	799	the consultant laughs and swims	expected	4
1598	799	the consultant laughs and swim	unexpected	4
1599	800	the consultant laughs and smiles	expected	4
1600	800	the consultant laughs and smile	unexpected	4
1601	801	the consultant laughs and is tall	expected	4
1602	801	the consultant laughs and are tall	unexpected	4
1603	802	the consultant laughs and is old	expected	4
1604	802	the consultant laughs and are old	unexpected	4
1605	803	the consultant laughs and is young	expected	4
1606	803	the consultant laughs and are young	unexpected	4
1607	804	the consultant laughs and is short	expected	4
1608	804	the consultant laughs and are short	unexpected	4
1609	805	the consultant swims and laughs	expected	4
1610	805	the consultant swims and laugh	unexpected	4
1611	806	the consultant swims and smiles	expected	4
1612	806	the consultant swims and smile	unexpected	4
1613	807	the consultant swims and is tall	expected	4
1614	807	the consultant swims and are tall	unexpected	4
1615	808	the consultant swims and is old	expected	4
1616	808	the consultant swims and are old	unexpected	4
1617	809	the consultant swims and is young	expected	4
1618	809	the consultant swims and are young	unexpected	4
1619	810	the consultant swims and is short	expected	4
1620	810	the consultant swims and are short	unexpected	4
1621	811	the consultant smiles and laughs	expected	4
1622	811	the consultant smiles and laugh	unexpected	4
1623	812	the consultant smiles and swims	expected	4
1624	812	the consultant smiles and swim	unexpected	4
1625	813	the consultant smiles and is tall	expected	4
1626	813	the consultant smiles and are tall	unexpected	4
1627	814	the consultant smiles and is old	expected	4
1628	814	the consultant smiles and are old	unexpected	4
1629	815	the consultant smiles and is young	expected	4
1630	815	the consultant smiles and are young	unexpected	4
1631	816	the consultant smiles and is short	expected	4
1632	816	the consultant smiles and are short	unexpected	4
1633	817	the consultant is tall and laughs	expected	5
1634	817	the consultant is tall and laugh	unexpected	5
1635	818	the consultant is tall and swims	expected	5
1636	818	the consultant is tall and swim	unexpected	5
1637	819	the consultant is tall and smiles	expected	5
1638	819	the consultant is tall and smile	unexpected	5
1639	820	the consultant is tall and is old	expected	5
1640	820	the consultant is tall and are old	unexpected	5
1641	821	the consultant is tall and is young	expected	5
1642	821	the consultant is tall and are young	unexpected	5
1643	822	the consultant is tall and is short	expected	5
1644	822	the consultant is tall and are short	unexpected	5
1645	823	the consultant is old and laughs	expected	5
1646	823	the consultant is old and laugh	unexpected	5
1647	824	the consultant is old and swims	expected	5
1648	824	the consultant is old and swim	unexpected	5
1649	825	the consultant is old and smiles	expected	5
1650	825	the consultant is old and smile	unexpected	5
1651	826	the consultant is old and is tall	expected	5
1652	826	the consultant is old and are tall	unexpected	5
1653	827	the consultant is old and is young	expected	5
1654	827	the consultant is old and are young	unexpected	5
1655	828	the consultant is old and is short	expected	5
1656	828	the consultant is old and are short	unexpected	5
1657	829	the consultant is young and laughs	expected	5
1658	829	the consultant is young and laugh	unexpected	5
1659	830	the consultant is young and swims	expected	5
1660	830	the consultant is young and swim	unexpected	5
1661	831	the consultant is young and smiles	expected	5
1662	831	the consultant is young and smile	unexpected	5
1663	832	the consultant is young and is tall	expected	5
1664	832	the consultant is young and are tall	unexpected	5
1665	833	the consultant is young and is old	expected	5
1666	833	the consultant is young and are old	unexpected	5
1667	834	the consultant is young and is short	expected	5
1668	834	the consultant is young and are short	unexpected	5
1669	835	the consultant is short and laughs	expected	5
1670	835	the consultant is short and laugh	unexpected	5
1671	836	the consultant is short and swims	expected	5
1672	836	the consultant is short and swim	unexpected	5
1673	837	the consultant is short and smiles	expected	5
1674	837	the consultant is short and smile	unexpected	5
1675	838	the consultant is short and is tall	expected	5
1676	838	the consultant is short and are tall	unexpected	5
1677	839	the consultant is short and is old	expected	5
1678	839	the consultant is short and are old	unexpected	5
1679	840	the consultant is short and is young	expected	5
1680	840	the consultant is short and are young	unexpected	5
