sentid	pairid	sentence	comparison	ROI	word
1	1	ה מלצר רוקד ו מבשל	expected	4	מבשל
2	1	ה מלצר רוקד ו מבשלים	unexpected	4	מבשלים
3	2	ה מלצר רוקד ו נוסע	expected	4	נוסע
4	2	ה מלצר רוקד ו נוסעים	unexpected	4	נוסעים
5	3	ה מלצר רוקד ו אוכל	expected	4	אוכל
6	3	ה מלצר רוקד ו אוכלים	unexpected	4	אוכלים
7	4	ה מלצר רוקד ו שותה	expected	4	שותה
8	4	ה מלצר רוקד ו שותים	unexpected	4	שותים
9	5	ה מלצר רוקד ו שוחה	expected	4	שוחה
10	5	ה מלצר רוקד ו שוחים	unexpected	4	שוחים
11	6	ה מלצר רוקד ו חי	expected	4	חי
12	6	ה מלצר רוקד ו חיים	unexpected	4	חיים
13	7	ה מלצר רוקד ו צוחק	expected	4	צוחק
14	7	ה מלצר רוקד ו צוחקים	unexpected	4	צוחקים
15	8	ה מנהל רוקד ו מבשל	expected	4	מבשל
16	8	ה מנהל רוקד ו מבשלים	unexpected	4	מבשלים
17	9	ה מנהל רוקד ו נוסע	expected	4	נוסע
18	9	ה מנהל רוקד ו נוסעים	unexpected	4	נוסעים
19	10	ה מנהל רוקד ו אוכל	expected	4	אוכל
20	10	ה מנהל רוקד ו אוכלים	unexpected	4	אוכלים
21	11	ה מנהל רוקד ו שותה	expected	4	שותה
22	11	ה מנהל רוקד ו שותים	unexpected	4	שותים
23	12	ה מנהל רוקד ו שוחה	expected	4	שוחה
24	12	ה מנהל רוקד ו שוחים	unexpected	4	שוחים
25	13	ה מנהל רוקד ו חי	expected	4	חי
26	13	ה מנהל רוקד ו חיים	unexpected	4	חיים
27	14	ה מנהל רוקד ו צוחק	expected	4	צוחק
28	14	ה מנהל רוקד ו צוחקים	unexpected	4	צוחקים
29	15	ה חקלאי רוקד ו מבשל	expected	4	מבשל
30	15	ה חקלאי רוקד ו מבשלים	unexpected	4	מבשלים
31	16	ה חקלאי רוקד ו נוסע	expected	4	נוסע
32	16	ה חקלאי רוקד ו נוסעים	unexpected	4	נוסעים
33	17	ה חקלאי רוקד ו אוכל	expected	4	אוכל
34	17	ה חקלאי רוקד ו אוכלים	unexpected	4	אוכלים
35	18	ה חקלאי רוקד ו שותה	expected	4	שותה
36	18	ה חקלאי רוקד ו שותים	unexpected	4	שותים
37	19	ה חקלאי רוקד ו שוחה	expected	4	שוחה
38	19	ה חקלאי רוקד ו שוחים	unexpected	4	שוחים
39	20	ה חקלאי רוקד ו חי	expected	4	חי
40	20	ה חקלאי רוקד ו חיים	unexpected	4	חיים
41	21	ה חקלאי רוקד ו צוחק	expected	4	צוחק
42	21	ה חקלאי רוקד ו צוחקים	unexpected	4	צוחקים
43	22	ה רופא רוקד ו מבשל	expected	4	מבשל
44	22	ה רופא רוקד ו מבשלים	unexpected	4	מבשלים
45	23	ה רופא רוקד ו נוסע	expected	4	נוסע
46	23	ה רופא רוקד ו נוסעים	unexpected	4	נוסעים
47	24	ה רופא רוקד ו אוכל	expected	4	אוכל
48	24	ה רופא רוקד ו אוכלים	unexpected	4	אוכלים
49	25	ה רופא רוקד ו שותה	expected	4	שותה
50	25	ה רופא רוקד ו שותים	unexpected	4	שותים
51	26	ה רופא רוקד ו שוחה	expected	4	שוחה
52	26	ה רופא רוקד ו שוחים	unexpected	4	שוחים
53	27	ה רופא רוקד ו חי	expected	4	חי
54	27	ה רופא רוקד ו חיים	unexpected	4	חיים
55	28	ה רופא רוקד ו צוחק	expected	4	צוחק
56	28	ה רופא רוקד ו צוחקים	unexpected	4	צוחקים
57	29	ה טבח רוקד ו מבשל	expected	4	מבשל
58	29	ה טבח רוקד ו מבשלים	unexpected	4	מבשלים
59	30	ה טבח רוקד ו נוסע	expected	4	נוסע
60	30	ה טבח רוקד ו נוסעים	unexpected	4	נוסעים
61	31	ה טבח רוקד ו אוכל	expected	4	אוכל
62	31	ה טבח רוקד ו אוכלים	unexpected	4	אוכלים
63	32	ה טבח רוקד ו שותה	expected	4	שותה
64	32	ה טבח רוקד ו שותים	unexpected	4	שותים
65	33	ה טבח רוקד ו שוחה	expected	4	שוחה
66	33	ה טבח רוקד ו שוחים	unexpected	4	שוחים
67	34	ה טבח רוקד ו חי	expected	4	חי
68	34	ה טבח רוקד ו חיים	unexpected	4	חיים
69	35	ה טבח רוקד ו צוחק	expected	4	צוחק
70	35	ה טבח רוקד ו צוחקים	unexpected	4	צוחקים
71	36	ה נהג רוקד ו מבשל	expected	4	מבשל
72	36	ה נהג רוקד ו מבשלים	unexpected	4	מבשלים
73	37	ה נהג רוקד ו נוסע	expected	4	נוסע
74	37	ה נהג רוקד ו נוסעים	unexpected	4	נוסעים
75	38	ה נהג רוקד ו אוכל	expected	4	אוכל
76	38	ה נהג רוקד ו אוכלים	unexpected	4	אוכלים
77	39	ה נהג רוקד ו שותה	expected	4	שותה
78	39	ה נהג רוקד ו שותים	unexpected	4	שותים
79	40	ה נהג רוקד ו שוחה	expected	4	שוחה
80	40	ה נהג רוקד ו שוחים	unexpected	4	שוחים
81	41	ה נהג רוקד ו חי	expected	4	חי
82	41	ה נהג רוקד ו חיים	unexpected	4	חיים
83	42	ה נהג רוקד ו צוחק	expected	4	צוחק
84	42	ה נהג רוקד ו צוחקים	unexpected	4	צוחקים
85	43	ה חייל רוקד ו מבשל	expected	4	מבשל
86	43	ה חייל רוקד ו מבשלים	unexpected	4	מבשלים
87	44	ה חייל רוקד ו נוסע	expected	4	נוסע
88	44	ה חייל רוקד ו נוסעים	unexpected	4	נוסעים
89	45	ה חייל רוקד ו אוכל	expected	4	אוכל
90	45	ה חייל רוקד ו אוכלים	unexpected	4	אוכלים
91	46	ה חייל רוקד ו שותה	expected	4	שותה
92	46	ה חייל רוקד ו שותים	unexpected	4	שותים
93	47	ה חייל רוקד ו שוחה	expected	4	שוחה
94	47	ה חייל רוקד ו שוחים	unexpected	4	שוחים
95	48	ה חייל רוקד ו חי	expected	4	חי
96	48	ה חייל רוקד ו חיים	unexpected	4	חיים
97	49	ה חייל רוקד ו צוחק	expected	4	צוחק
98	49	ה חייל רוקד ו צוחקים	unexpected	4	צוחקים
99	50	ה קצין רוקד ו מבשל	expected	4	מבשל
100	50	ה קצין רוקד ו מבשלים	unexpected	4	מבשלים
101	51	ה קצין רוקד ו נוסע	expected	4	נוסע
102	51	ה קצין רוקד ו נוסעים	unexpected	4	נוסעים
103	52	ה קצין רוקד ו אוכל	expected	4	אוכל
104	52	ה קצין רוקד ו אוכלים	unexpected	4	אוכלים
105	53	ה קצין רוקד ו שותה	expected	4	שותה
106	53	ה קצין רוקד ו שותים	unexpected	4	שותים
107	54	ה קצין רוקד ו שוחה	expected	4	שוחה
108	54	ה קצין רוקד ו שוחים	unexpected	4	שוחים
109	55	ה קצין רוקד ו חי	expected	4	חי
110	55	ה קצין רוקד ו חיים	unexpected	4	חיים
111	56	ה קצין רוקד ו צוחק	expected	4	צוחק
112	56	ה קצין רוקד ו צוחקים	unexpected	4	צוחקים
113	57	ה טייס רוקד ו מבשל	expected	4	מבשל
114	57	ה טייס רוקד ו מבשלים	unexpected	4	מבשלים
115	58	ה טייס רוקד ו נוסע	expected	4	נוסע
116	58	ה טייס רוקד ו נוסעים	unexpected	4	נוסעים
117	59	ה טייס רוקד ו אוכל	expected	4	אוכל
118	59	ה טייס רוקד ו אוכלים	unexpected	4	אוכלים
119	60	ה טייס רוקד ו שותה	expected	4	שותה
120	60	ה טייס רוקד ו שותים	unexpected	4	שותים
121	61	ה טייס רוקד ו שוחה	expected	4	שוחה
122	61	ה טייס רוקד ו שוחים	unexpected	4	שוחים
123	62	ה טייס רוקד ו חי	expected	4	חי
124	62	ה טייס רוקד ו חיים	unexpected	4	חיים
125	63	ה טייס רוקד ו צוחק	expected	4	צוחק
126	63	ה טייס רוקד ו צוחקים	unexpected	4	צוחקים
127	64	ה יועץ רוקד ו מבשל	expected	4	מבשל
128	64	ה יועץ רוקד ו מבשלים	unexpected	4	מבשלים
129	65	ה יועץ רוקד ו נוסע	expected	4	נוסע
130	65	ה יועץ רוקד ו נוסעים	unexpected	4	נוסעים
131	66	ה יועץ רוקד ו אוכל	expected	4	אוכל
132	66	ה יועץ רוקד ו אוכלים	unexpected	4	אוכלים
133	67	ה יועץ רוקד ו שותה	expected	4	שותה
134	67	ה יועץ רוקד ו שותים	unexpected	4	שותים
135	68	ה יועץ רוקד ו שוחה	expected	4	שוחה
136	68	ה יועץ רוקד ו שוחים	unexpected	4	שוחים
137	69	ה יועץ רוקד ו חי	expected	4	חי
138	69	ה יועץ רוקד ו חיים	unexpected	4	חיים
139	70	ה יועץ רוקד ו צוחק	expected	4	צוחק
140	70	ה יועץ רוקד ו צוחקים	unexpected	4	צוחקים
141	71	ה מלצר נוסע ו מבשל	expected	4	מבשל
142	71	ה מלצר נוסע ו מבשלים	unexpected	4	מבשלים
143	72	ה מלצר נוסע ו נוסע	expected	4	נוסע
144	72	ה מלצר נוסע ו נוסעים	unexpected	4	נוסעים
145	73	ה מלצר נוסע ו אוכל	expected	4	אוכל
146	73	ה מלצר נוסע ו אוכלים	unexpected	4	אוכלים
147	74	ה מלצר נוסע ו שותה	expected	4	שותה
148	74	ה מלצר נוסע ו שותים	unexpected	4	שותים
149	75	ה מלצר נוסע ו שוחה	expected	4	שוחה
150	75	ה מלצר נוסע ו שוחים	unexpected	4	שוחים
151	76	ה מלצר נוסע ו חי	expected	4	חי
152	76	ה מלצר נוסע ו חיים	unexpected	4	חיים
153	77	ה מלצר נוסע ו צוחק	expected	4	צוחק
154	77	ה מלצר נוסע ו צוחקים	unexpected	4	צוחקים
155	78	ה מנהל נוסע ו מבשל	expected	4	מבשל
156	78	ה מנהל נוסע ו מבשלים	unexpected	4	מבשלים
157	79	ה מנהל נוסע ו נוסע	expected	4	נוסע
158	79	ה מנהל נוסע ו נוסעים	unexpected	4	נוסעים
159	80	ה מנהל נוסע ו אוכל	expected	4	אוכל
160	80	ה מנהל נוסע ו אוכלים	unexpected	4	אוכלים
161	81	ה מנהל נוסע ו שותה	expected	4	שותה
162	81	ה מנהל נוסע ו שותים	unexpected	4	שותים
163	82	ה מנהל נוסע ו שוחה	expected	4	שוחה
164	82	ה מנהל נוסע ו שוחים	unexpected	4	שוחים
165	83	ה מנהל נוסע ו חי	expected	4	חי
166	83	ה מנהל נוסע ו חיים	unexpected	4	חיים
167	84	ה מנהל נוסע ו צוחק	expected	4	צוחק
168	84	ה מנהל נוסע ו צוחקים	unexpected	4	צוחקים
169	85	ה חקלאי נוסע ו מבשל	expected	4	מבשל
170	85	ה חקלאי נוסע ו מבשלים	unexpected	4	מבשלים
171	86	ה חקלאי נוסע ו נוסע	expected	4	נוסע
172	86	ה חקלאי נוסע ו נוסעים	unexpected	4	נוסעים
173	87	ה חקלאי נוסע ו אוכל	expected	4	אוכל
174	87	ה חקלאי נוסע ו אוכלים	unexpected	4	אוכלים
175	88	ה חקלאי נוסע ו שותה	expected	4	שותה
176	88	ה חקלאי נוסע ו שותים	unexpected	4	שותים
177	89	ה חקלאי נוסע ו שוחה	expected	4	שוחה
178	89	ה חקלאי נוסע ו שוחים	unexpected	4	שוחים
179	90	ה חקלאי נוסע ו חי	expected	4	חי
180	90	ה חקלאי נוסע ו חיים	unexpected	4	חיים
181	91	ה חקלאי נוסע ו צוחק	expected	4	צוחק
182	91	ה חקלאי נוסע ו צוחקים	unexpected	4	צוחקים
183	92	ה רופא נוסע ו מבשל	expected	4	מבשל
184	92	ה רופא נוסע ו מבשלים	unexpected	4	מבשלים
185	93	ה רופא נוסע ו נוסע	expected	4	נוסע
186	93	ה רופא נוסע ו נוסעים	unexpected	4	נוסעים
187	94	ה רופא נוסע ו אוכל	expected	4	אוכל
188	94	ה רופא נוסע ו אוכלים	unexpected	4	אוכלים
189	95	ה רופא נוסע ו שותה	expected	4	שותה
190	95	ה רופא נוסע ו שותים	unexpected	4	שותים
191	96	ה רופא נוסע ו שוחה	expected	4	שוחה
192	96	ה רופא נוסע ו שוחים	unexpected	4	שוחים
193	97	ה רופא נוסע ו חי	expected	4	חי
194	97	ה רופא נוסע ו חיים	unexpected	4	חיים
195	98	ה רופא נוסע ו צוחק	expected	4	צוחק
196	98	ה רופא נוסע ו צוחקים	unexpected	4	צוחקים
197	99	ה טבח נוסע ו מבשל	expected	4	מבשל
198	99	ה טבח נוסע ו מבשלים	unexpected	4	מבשלים
199	100	ה טבח נוסע ו נוסע	expected	4	נוסע
200	100	ה טבח נוסע ו נוסעים	unexpected	4	נוסעים
201	101	ה טבח נוסע ו אוכל	expected	4	אוכל
202	101	ה טבח נוסע ו אוכלים	unexpected	4	אוכלים
203	102	ה טבח נוסע ו שותה	expected	4	שותה
204	102	ה טבח נוסע ו שותים	unexpected	4	שותים
205	103	ה טבח נוסע ו שוחה	expected	4	שוחה
206	103	ה טבח נוסע ו שוחים	unexpected	4	שוחים
207	104	ה טבח נוסע ו חי	expected	4	חי
208	104	ה טבח נוסע ו חיים	unexpected	4	חיים
209	105	ה טבח נוסע ו צוחק	expected	4	צוחק
210	105	ה טבח נוסע ו צוחקים	unexpected	4	צוחקים
211	106	ה נהג נוסע ו מבשל	expected	4	מבשל
212	106	ה נהג נוסע ו מבשלים	unexpected	4	מבשלים
213	107	ה נהג נוסע ו נוסע	expected	4	נוסע
214	107	ה נהג נוסע ו נוסעים	unexpected	4	נוסעים
215	108	ה נהג נוסע ו אוכל	expected	4	אוכל
216	108	ה נהג נוסע ו אוכלים	unexpected	4	אוכלים
217	109	ה נהג נוסע ו שותה	expected	4	שותה
218	109	ה נהג נוסע ו שותים	unexpected	4	שותים
219	110	ה נהג נוסע ו שוחה	expected	4	שוחה
220	110	ה נהג נוסע ו שוחים	unexpected	4	שוחים
221	111	ה נהג נוסע ו חי	expected	4	חי
222	111	ה נהג נוסע ו חיים	unexpected	4	חיים
223	112	ה נהג נוסע ו צוחק	expected	4	צוחק
224	112	ה נהג נוסע ו צוחקים	unexpected	4	צוחקים
225	113	ה חייל נוסע ו מבשל	expected	4	מבשל
226	113	ה חייל נוסע ו מבשלים	unexpected	4	מבשלים
227	114	ה חייל נוסע ו נוסע	expected	4	נוסע
228	114	ה חייל נוסע ו נוסעים	unexpected	4	נוסעים
229	115	ה חייל נוסע ו אוכל	expected	4	אוכל
230	115	ה חייל נוסע ו אוכלים	unexpected	4	אוכלים
231	116	ה חייל נוסע ו שותה	expected	4	שותה
232	116	ה חייל נוסע ו שותים	unexpected	4	שותים
233	117	ה חייל נוסע ו שוחה	expected	4	שוחה
234	117	ה חייל נוסע ו שוחים	unexpected	4	שוחים
235	118	ה חייל נוסע ו חי	expected	4	חי
236	118	ה חייל נוסע ו חיים	unexpected	4	חיים
237	119	ה חייל נוסע ו צוחק	expected	4	צוחק
238	119	ה חייל נוסע ו צוחקים	unexpected	4	צוחקים
239	120	ה קצין נוסע ו מבשל	expected	4	מבשל
240	120	ה קצין נוסע ו מבשלים	unexpected	4	מבשלים
241	121	ה קצין נוסע ו נוסע	expected	4	נוסע
242	121	ה קצין נוסע ו נוסעים	unexpected	4	נוסעים
243	122	ה קצין נוסע ו אוכל	expected	4	אוכל
244	122	ה קצין נוסע ו אוכלים	unexpected	4	אוכלים
245	123	ה קצין נוסע ו שותה	expected	4	שותה
246	123	ה קצין נוסע ו שותים	unexpected	4	שותים
247	124	ה קצין נוסע ו שוחה	expected	4	שוחה
248	124	ה קצין נוסע ו שוחים	unexpected	4	שוחים
249	125	ה קצין נוסע ו חי	expected	4	חי
250	125	ה קצין נוסע ו חיים	unexpected	4	חיים
251	126	ה קצין נוסע ו צוחק	expected	4	צוחק
252	126	ה קצין נוסע ו צוחקים	unexpected	4	צוחקים
253	127	ה טייס נוסע ו מבשל	expected	4	מבשל
254	127	ה טייס נוסע ו מבשלים	unexpected	4	מבשלים
255	128	ה טייס נוסע ו נוסע	expected	4	נוסע
256	128	ה טייס נוסע ו נוסעים	unexpected	4	נוסעים
257	129	ה טייס נוסע ו אוכל	expected	4	אוכל
258	129	ה טייס נוסע ו אוכלים	unexpected	4	אוכלים
259	130	ה טייס נוסע ו שותה	expected	4	שותה
260	130	ה טייס נוסע ו שותים	unexpected	4	שותים
261	131	ה טייס נוסע ו שוחה	expected	4	שוחה
262	131	ה טייס נוסע ו שוחים	unexpected	4	שוחים
263	132	ה טייס נוסע ו חי	expected	4	חי
264	132	ה טייס נוסע ו חיים	unexpected	4	חיים
265	133	ה טייס נוסע ו צוחק	expected	4	צוחק
266	133	ה טייס נוסע ו צוחקים	unexpected	4	צוחקים
267	134	ה יועץ נוסע ו מבשל	expected	4	מבשל
268	134	ה יועץ נוסע ו מבשלים	unexpected	4	מבשלים
269	135	ה יועץ נוסע ו נוסע	expected	4	נוסע
270	135	ה יועץ נוסע ו נוסעים	unexpected	4	נוסעים
271	136	ה יועץ נוסע ו אוכל	expected	4	אוכל
272	136	ה יועץ נוסע ו אוכלים	unexpected	4	אוכלים
273	137	ה יועץ נוסע ו שותה	expected	4	שותה
274	137	ה יועץ נוסע ו שותים	unexpected	4	שותים
275	138	ה יועץ נוסע ו שוחה	expected	4	שוחה
276	138	ה יועץ נוסע ו שוחים	unexpected	4	שוחים
277	139	ה יועץ נוסע ו חי	expected	4	חי
278	139	ה יועץ נוסע ו חיים	unexpected	4	חיים
279	140	ה יועץ נוסע ו צוחק	expected	4	צוחק
280	140	ה יועץ נוסע ו צוחקים	unexpected	4	צוחקים
281	141	ה מלצר רץ ו מבשל	expected	4	מבשל
282	141	ה מלצר רץ ו מבשלים	unexpected	4	מבשלים
283	142	ה מלצר רץ ו נוסע	expected	4	נוסע
284	142	ה מלצר רץ ו נוסעים	unexpected	4	נוסעים
285	143	ה מלצר רץ ו אוכל	expected	4	אוכל
286	143	ה מלצר רץ ו אוכלים	unexpected	4	אוכלים
287	144	ה מלצר רץ ו שותה	expected	4	שותה
288	144	ה מלצר רץ ו שותים	unexpected	4	שותים
289	145	ה מלצר רץ ו שוחה	expected	4	שוחה
290	145	ה מלצר רץ ו שוחים	unexpected	4	שוחים
291	146	ה מלצר רץ ו חי	expected	4	חי
292	146	ה מלצר רץ ו חיים	unexpected	4	חיים
293	147	ה מלצר רץ ו צוחק	expected	4	צוחק
294	147	ה מלצר רץ ו צוחקים	unexpected	4	צוחקים
295	148	ה מנהל רץ ו מבשל	expected	4	מבשל
296	148	ה מנהל רץ ו מבשלים	unexpected	4	מבשלים
297	149	ה מנהל רץ ו נוסע	expected	4	נוסע
298	149	ה מנהל רץ ו נוסעים	unexpected	4	נוסעים
299	150	ה מנהל רץ ו אוכל	expected	4	אוכל
300	150	ה מנהל רץ ו אוכלים	unexpected	4	אוכלים
301	151	ה מנהל רץ ו שותה	expected	4	שותה
302	151	ה מנהל רץ ו שותים	unexpected	4	שותים
303	152	ה מנהל רץ ו שוחה	expected	4	שוחה
304	152	ה מנהל רץ ו שוחים	unexpected	4	שוחים
305	153	ה מנהל רץ ו חי	expected	4	חי
306	153	ה מנהל רץ ו חיים	unexpected	4	חיים
307	154	ה מנהל רץ ו צוחק	expected	4	צוחק
308	154	ה מנהל רץ ו צוחקים	unexpected	4	צוחקים
309	155	ה חקלאי רץ ו מבשל	expected	4	מבשל
310	155	ה חקלאי רץ ו מבשלים	unexpected	4	מבשלים
311	156	ה חקלאי רץ ו נוסע	expected	4	נוסע
312	156	ה חקלאי רץ ו נוסעים	unexpected	4	נוסעים
313	157	ה חקלאי רץ ו אוכל	expected	4	אוכל
314	157	ה חקלאי רץ ו אוכלים	unexpected	4	אוכלים
315	158	ה חקלאי רץ ו שותה	expected	4	שותה
316	158	ה חקלאי רץ ו שותים	unexpected	4	שותים
317	159	ה חקלאי רץ ו שוחה	expected	4	שוחה
318	159	ה חקלאי רץ ו שוחים	unexpected	4	שוחים
319	160	ה חקלאי רץ ו חי	expected	4	חי
320	160	ה חקלאי רץ ו חיים	unexpected	4	חיים
321	161	ה חקלאי רץ ו צוחק	expected	4	צוחק
322	161	ה חקלאי רץ ו צוחקים	unexpected	4	צוחקים
323	162	ה רופא רץ ו מבשל	expected	4	מבשל
324	162	ה רופא רץ ו מבשלים	unexpected	4	מבשלים
325	163	ה רופא רץ ו נוסע	expected	4	נוסע
326	163	ה רופא רץ ו נוסעים	unexpected	4	נוסעים
327	164	ה רופא רץ ו אוכל	expected	4	אוכל
328	164	ה רופא רץ ו אוכלים	unexpected	4	אוכלים
329	165	ה רופא רץ ו שותה	expected	4	שותה
330	165	ה רופא רץ ו שותים	unexpected	4	שותים
331	166	ה רופא רץ ו שוחה	expected	4	שוחה
332	166	ה רופא רץ ו שוחים	unexpected	4	שוחים
333	167	ה רופא רץ ו חי	expected	4	חי
334	167	ה רופא רץ ו חיים	unexpected	4	חיים
335	168	ה רופא רץ ו צוחק	expected	4	צוחק
336	168	ה רופא רץ ו צוחקים	unexpected	4	צוחקים
337	169	ה טבח רץ ו מבשל	expected	4	מבשל
338	169	ה טבח רץ ו מבשלים	unexpected	4	מבשלים
339	170	ה טבח רץ ו נוסע	expected	4	נוסע
340	170	ה טבח רץ ו נוסעים	unexpected	4	נוסעים
341	171	ה טבח רץ ו אוכל	expected	4	אוכל
342	171	ה טבח רץ ו אוכלים	unexpected	4	אוכלים
343	172	ה טבח רץ ו שותה	expected	4	שותה
344	172	ה טבח רץ ו שותים	unexpected	4	שותים
345	173	ה טבח רץ ו שוחה	expected	4	שוחה
346	173	ה טבח רץ ו שוחים	unexpected	4	שוחים
347	174	ה טבח רץ ו חי	expected	4	חי
348	174	ה טבח רץ ו חיים	unexpected	4	חיים
349	175	ה טבח רץ ו צוחק	expected	4	צוחק
350	175	ה טבח רץ ו צוחקים	unexpected	4	צוחקים
351	176	ה נהג רץ ו מבשל	expected	4	מבשל
352	176	ה נהג רץ ו מבשלים	unexpected	4	מבשלים
353	177	ה נהג רץ ו נוסע	expected	4	נוסע
354	177	ה נהג רץ ו נוסעים	unexpected	4	נוסעים
355	178	ה נהג רץ ו אוכל	expected	4	אוכל
356	178	ה נהג רץ ו אוכלים	unexpected	4	אוכלים
357	179	ה נהג רץ ו שותה	expected	4	שותה
358	179	ה נהג רץ ו שותים	unexpected	4	שותים
359	180	ה נהג רץ ו שוחה	expected	4	שוחה
360	180	ה נהג רץ ו שוחים	unexpected	4	שוחים
361	181	ה נהג רץ ו חי	expected	4	חי
362	181	ה נהג רץ ו חיים	unexpected	4	חיים
363	182	ה נהג רץ ו צוחק	expected	4	צוחק
364	182	ה נהג רץ ו צוחקים	unexpected	4	צוחקים
365	183	ה חייל רץ ו מבשל	expected	4	מבשל
366	183	ה חייל רץ ו מבשלים	unexpected	4	מבשלים
367	184	ה חייל רץ ו נוסע	expected	4	נוסע
368	184	ה חייל רץ ו נוסעים	unexpected	4	נוסעים
369	185	ה חייל רץ ו אוכל	expected	4	אוכל
370	185	ה חייל רץ ו אוכלים	unexpected	4	אוכלים
371	186	ה חייל רץ ו שותה	expected	4	שותה
372	186	ה חייל רץ ו שותים	unexpected	4	שותים
373	187	ה חייל רץ ו שוחה	expected	4	שוחה
374	187	ה חייל רץ ו שוחים	unexpected	4	שוחים
375	188	ה חייל רץ ו חי	expected	4	חי
376	188	ה חייל רץ ו חיים	unexpected	4	חיים
377	189	ה חייל רץ ו צוחק	expected	4	צוחק
378	189	ה חייל רץ ו צוחקים	unexpected	4	צוחקים
379	190	ה קצין רץ ו מבשל	expected	4	מבשל
380	190	ה קצין רץ ו מבשלים	unexpected	4	מבשלים
381	191	ה קצין רץ ו נוסע	expected	4	נוסע
382	191	ה קצין רץ ו נוסעים	unexpected	4	נוסעים
383	192	ה קצין רץ ו אוכל	expected	4	אוכל
384	192	ה קצין רץ ו אוכלים	unexpected	4	אוכלים
385	193	ה קצין רץ ו שותה	expected	4	שותה
386	193	ה קצין רץ ו שותים	unexpected	4	שותים
387	194	ה קצין רץ ו שוחה	expected	4	שוחה
388	194	ה קצין רץ ו שוחים	unexpected	4	שוחים
389	195	ה קצין רץ ו חי	expected	4	חי
390	195	ה קצין רץ ו חיים	unexpected	4	חיים
391	196	ה קצין רץ ו צוחק	expected	4	צוחק
392	196	ה קצין רץ ו צוחקים	unexpected	4	צוחקים
393	197	ה טייס רץ ו מבשל	expected	4	מבשל
394	197	ה טייס רץ ו מבשלים	unexpected	4	מבשלים
395	198	ה טייס רץ ו נוסע	expected	4	נוסע
396	198	ה טייס רץ ו נוסעים	unexpected	4	נוסעים
397	199	ה טייס רץ ו אוכל	expected	4	אוכל
398	199	ה טייס רץ ו אוכלים	unexpected	4	אוכלים
399	200	ה טייס רץ ו שותה	expected	4	שותה
400	200	ה טייס רץ ו שותים	unexpected	4	שותים
401	201	ה טייס רץ ו שוחה	expected	4	שוחה
402	201	ה טייס רץ ו שוחים	unexpected	4	שוחים
403	202	ה טייס רץ ו חי	expected	4	חי
404	202	ה טייס רץ ו חיים	unexpected	4	חיים
405	203	ה טייס רץ ו צוחק	expected	4	צוחק
406	203	ה טייס רץ ו צוחקים	unexpected	4	צוחקים
407	204	ה יועץ רץ ו מבשל	expected	4	מבשל
408	204	ה יועץ רץ ו מבשלים	unexpected	4	מבשלים
409	205	ה יועץ רץ ו נוסע	expected	4	נוסע
410	205	ה יועץ רץ ו נוסעים	unexpected	4	נוסעים
411	206	ה יועץ רץ ו אוכל	expected	4	אוכל
412	206	ה יועץ רץ ו אוכלים	unexpected	4	אוכלים
413	207	ה יועץ רץ ו שותה	expected	4	שותה
414	207	ה יועץ רץ ו שותים	unexpected	4	שותים
415	208	ה יועץ רץ ו שוחה	expected	4	שוחה
416	208	ה יועץ רץ ו שוחים	unexpected	4	שוחים
417	209	ה יועץ רץ ו חי	expected	4	חי
418	209	ה יועץ רץ ו חיים	unexpected	4	חיים
419	210	ה יועץ רץ ו צוחק	expected	4	צוחק
420	210	ה יועץ רץ ו צוחקים	unexpected	4	צוחקים
421	211	ה מלצר ישן ו מבשל	expected	4	מבשל
422	211	ה מלצר ישן ו מבשלים	unexpected	4	מבשלים
423	212	ה מלצר ישן ו נוסע	expected	4	נוסע
424	212	ה מלצר ישן ו נוסעים	unexpected	4	נוסעים
425	213	ה מלצר ישן ו אוכל	expected	4	אוכל
426	213	ה מלצר ישן ו אוכלים	unexpected	4	אוכלים
427	214	ה מלצר ישן ו שותה	expected	4	שותה
428	214	ה מלצר ישן ו שותים	unexpected	4	שותים
429	215	ה מלצר ישן ו שוחה	expected	4	שוחה
430	215	ה מלצר ישן ו שוחים	unexpected	4	שוחים
431	216	ה מלצר ישן ו חי	expected	4	חי
432	216	ה מלצר ישן ו חיים	unexpected	4	חיים
433	217	ה מלצר ישן ו צוחק	expected	4	צוחק
434	217	ה מלצר ישן ו צוחקים	unexpected	4	צוחקים
435	218	ה מנהל ישן ו מבשל	expected	4	מבשל
436	218	ה מנהל ישן ו מבשלים	unexpected	4	מבשלים
437	219	ה מנהל ישן ו נוסע	expected	4	נוסע
438	219	ה מנהל ישן ו נוסעים	unexpected	4	נוסעים
439	220	ה מנהל ישן ו אוכל	expected	4	אוכל
440	220	ה מנהל ישן ו אוכלים	unexpected	4	אוכלים
441	221	ה מנהל ישן ו שותה	expected	4	שותה
442	221	ה מנהל ישן ו שותים	unexpected	4	שותים
443	222	ה מנהל ישן ו שוחה	expected	4	שוחה
444	222	ה מנהל ישן ו שוחים	unexpected	4	שוחים
445	223	ה מנהל ישן ו חי	expected	4	חי
446	223	ה מנהל ישן ו חיים	unexpected	4	חיים
447	224	ה מנהל ישן ו צוחק	expected	4	צוחק
448	224	ה מנהל ישן ו צוחקים	unexpected	4	צוחקים
449	225	ה חקלאי ישן ו מבשל	expected	4	מבשל
450	225	ה חקלאי ישן ו מבשלים	unexpected	4	מבשלים
451	226	ה חקלאי ישן ו נוסע	expected	4	נוסע
452	226	ה חקלאי ישן ו נוסעים	unexpected	4	נוסעים
453	227	ה חקלאי ישן ו אוכל	expected	4	אוכל
454	227	ה חקלאי ישן ו אוכלים	unexpected	4	אוכלים
455	228	ה חקלאי ישן ו שותה	expected	4	שותה
456	228	ה חקלאי ישן ו שותים	unexpected	4	שותים
457	229	ה חקלאי ישן ו שוחה	expected	4	שוחה
458	229	ה חקלאי ישן ו שוחים	unexpected	4	שוחים
459	230	ה חקלאי ישן ו חי	expected	4	חי
460	230	ה חקלאי ישן ו חיים	unexpected	4	חיים
461	231	ה חקלאי ישן ו צוחק	expected	4	צוחק
462	231	ה חקלאי ישן ו צוחקים	unexpected	4	צוחקים
463	232	ה רופא ישן ו מבשל	expected	4	מבשל
464	232	ה רופא ישן ו מבשלים	unexpected	4	מבשלים
465	233	ה רופא ישן ו נוסע	expected	4	נוסע
466	233	ה רופא ישן ו נוסעים	unexpected	4	נוסעים
467	234	ה רופא ישן ו אוכל	expected	4	אוכל
468	234	ה רופא ישן ו אוכלים	unexpected	4	אוכלים
469	235	ה רופא ישן ו שותה	expected	4	שותה
470	235	ה רופא ישן ו שותים	unexpected	4	שותים
471	236	ה רופא ישן ו שוחה	expected	4	שוחה
472	236	ה רופא ישן ו שוחים	unexpected	4	שוחים
473	237	ה רופא ישן ו חי	expected	4	חי
474	237	ה רופא ישן ו חיים	unexpected	4	חיים
475	238	ה רופא ישן ו צוחק	expected	4	צוחק
476	238	ה רופא ישן ו צוחקים	unexpected	4	צוחקים
477	239	ה טבח ישן ו מבשל	expected	4	מבשל
478	239	ה טבח ישן ו מבשלים	unexpected	4	מבשלים
479	240	ה טבח ישן ו נוסע	expected	4	נוסע
480	240	ה טבח ישן ו נוסעים	unexpected	4	נוסעים
481	241	ה טבח ישן ו אוכל	expected	4	אוכל
482	241	ה טבח ישן ו אוכלים	unexpected	4	אוכלים
483	242	ה טבח ישן ו שותה	expected	4	שותה
484	242	ה טבח ישן ו שותים	unexpected	4	שותים
485	243	ה טבח ישן ו שוחה	expected	4	שוחה
486	243	ה טבח ישן ו שוחים	unexpected	4	שוחים
487	244	ה טבח ישן ו חי	expected	4	חי
488	244	ה טבח ישן ו חיים	unexpected	4	חיים
489	245	ה טבח ישן ו צוחק	expected	4	צוחק
490	245	ה טבח ישן ו צוחקים	unexpected	4	צוחקים
491	246	ה נהג ישן ו מבשל	expected	4	מבשל
492	246	ה נהג ישן ו מבשלים	unexpected	4	מבשלים
493	247	ה נהג ישן ו נוסע	expected	4	נוסע
494	247	ה נהג ישן ו נוסעים	unexpected	4	נוסעים
495	248	ה נהג ישן ו אוכל	expected	4	אוכל
496	248	ה נהג ישן ו אוכלים	unexpected	4	אוכלים
497	249	ה נהג ישן ו שותה	expected	4	שותה
498	249	ה נהג ישן ו שותים	unexpected	4	שותים
499	250	ה נהג ישן ו שוחה	expected	4	שוחה
500	250	ה נהג ישן ו שוחים	unexpected	4	שוחים
501	251	ה נהג ישן ו חי	expected	4	חי
502	251	ה נהג ישן ו חיים	unexpected	4	חיים
503	252	ה נהג ישן ו צוחק	expected	4	צוחק
504	252	ה נהג ישן ו צוחקים	unexpected	4	צוחקים
505	253	ה חייל ישן ו מבשל	expected	4	מבשל
506	253	ה חייל ישן ו מבשלים	unexpected	4	מבשלים
507	254	ה חייל ישן ו נוסע	expected	4	נוסע
508	254	ה חייל ישן ו נוסעים	unexpected	4	נוסעים
509	255	ה חייל ישן ו אוכל	expected	4	אוכל
510	255	ה חייל ישן ו אוכלים	unexpected	4	אוכלים
511	256	ה חייל ישן ו שותה	expected	4	שותה
512	256	ה חייל ישן ו שותים	unexpected	4	שותים
513	257	ה חייל ישן ו שוחה	expected	4	שוחה
514	257	ה חייל ישן ו שוחים	unexpected	4	שוחים
515	258	ה חייל ישן ו חי	expected	4	חי
516	258	ה חייל ישן ו חיים	unexpected	4	חיים
517	259	ה חייל ישן ו צוחק	expected	4	צוחק
518	259	ה חייל ישן ו צוחקים	unexpected	4	צוחקים
519	260	ה קצין ישן ו מבשל	expected	4	מבשל
520	260	ה קצין ישן ו מבשלים	unexpected	4	מבשלים
521	261	ה קצין ישן ו נוסע	expected	4	נוסע
522	261	ה קצין ישן ו נוסעים	unexpected	4	נוסעים
523	262	ה קצין ישן ו אוכל	expected	4	אוכל
524	262	ה קצין ישן ו אוכלים	unexpected	4	אוכלים
525	263	ה קצין ישן ו שותה	expected	4	שותה
526	263	ה קצין ישן ו שותים	unexpected	4	שותים
527	264	ה קצין ישן ו שוחה	expected	4	שוחה
528	264	ה קצין ישן ו שוחים	unexpected	4	שוחים
529	265	ה קצין ישן ו חי	expected	4	חי
530	265	ה קצין ישן ו חיים	unexpected	4	חיים
531	266	ה קצין ישן ו צוחק	expected	4	צוחק
532	266	ה קצין ישן ו צוחקים	unexpected	4	צוחקים
533	267	ה טייס ישן ו מבשל	expected	4	מבשל
534	267	ה טייס ישן ו מבשלים	unexpected	4	מבשלים
535	268	ה טייס ישן ו נוסע	expected	4	נוסע
536	268	ה טייס ישן ו נוסעים	unexpected	4	נוסעים
537	269	ה טייס ישן ו אוכל	expected	4	אוכל
538	269	ה טייס ישן ו אוכלים	unexpected	4	אוכלים
539	270	ה טייס ישן ו שותה	expected	4	שותה
540	270	ה טייס ישן ו שותים	unexpected	4	שותים
541	271	ה טייס ישן ו שוחה	expected	4	שוחה
542	271	ה טייס ישן ו שוחים	unexpected	4	שוחים
543	272	ה טייס ישן ו חי	expected	4	חי
544	272	ה טייס ישן ו חיים	unexpected	4	חיים
545	273	ה טייס ישן ו צוחק	expected	4	צוחק
546	273	ה טייס ישן ו צוחקים	unexpected	4	צוחקים
547	274	ה יועץ ישן ו מבשל	expected	4	מבשל
548	274	ה יועץ ישן ו מבשלים	unexpected	4	מבשלים
549	275	ה יועץ ישן ו נוסע	expected	4	נוסע
550	275	ה יועץ ישן ו נוסעים	unexpected	4	נוסעים
551	276	ה יועץ ישן ו אוכל	expected	4	אוכל
552	276	ה יועץ ישן ו אוכלים	unexpected	4	אוכלים
553	277	ה יועץ ישן ו שותה	expected	4	שותה
554	277	ה יועץ ישן ו שותים	unexpected	4	שותים
555	278	ה יועץ ישן ו שוחה	expected	4	שוחה
556	278	ה יועץ ישן ו שוחים	unexpected	4	שוחים
557	279	ה יועץ ישן ו חי	expected	4	חי
558	279	ה יועץ ישן ו חיים	unexpected	4	חיים
559	280	ה יועץ ישן ו צוחק	expected	4	צוחק
560	280	ה יועץ ישן ו צוחקים	unexpected	4	צוחקים
561	281	ה מלצר שוחה ו מבשל	expected	4	מבשל
562	281	ה מלצר שוחה ו מבשלים	unexpected	4	מבשלים
563	282	ה מלצר שוחה ו נוסע	expected	4	נוסע
564	282	ה מלצר שוחה ו נוסעים	unexpected	4	נוסעים
565	283	ה מלצר שוחה ו אוכל	expected	4	אוכל
566	283	ה מלצר שוחה ו אוכלים	unexpected	4	אוכלים
567	284	ה מלצר שוחה ו שותה	expected	4	שותה
568	284	ה מלצר שוחה ו שותים	unexpected	4	שותים
569	285	ה מלצר שוחה ו שוחה	expected	4	שוחה
570	285	ה מלצר שוחה ו שוחים	unexpected	4	שוחים
571	286	ה מלצר שוחה ו חי	expected	4	חי
572	286	ה מלצר שוחה ו חיים	unexpected	4	חיים
573	287	ה מלצר שוחה ו צוחק	expected	4	צוחק
574	287	ה מלצר שוחה ו צוחקים	unexpected	4	צוחקים
575	288	ה מנהל שוחה ו מבשל	expected	4	מבשל
576	288	ה מנהל שוחה ו מבשלים	unexpected	4	מבשלים
577	289	ה מנהל שוחה ו נוסע	expected	4	נוסע
578	289	ה מנהל שוחה ו נוסעים	unexpected	4	נוסעים
579	290	ה מנהל שוחה ו אוכל	expected	4	אוכל
580	290	ה מנהל שוחה ו אוכלים	unexpected	4	אוכלים
581	291	ה מנהל שוחה ו שותה	expected	4	שותה
582	291	ה מנהל שוחה ו שותים	unexpected	4	שותים
583	292	ה מנהל שוחה ו שוחה	expected	4	שוחה
584	292	ה מנהל שוחה ו שוחים	unexpected	4	שוחים
585	293	ה מנהל שוחה ו חי	expected	4	חי
586	293	ה מנהל שוחה ו חיים	unexpected	4	חיים
587	294	ה מנהל שוחה ו צוחק	expected	4	צוחק
588	294	ה מנהל שוחה ו צוחקים	unexpected	4	צוחקים
589	295	ה חקלאי שוחה ו מבשל	expected	4	מבשל
590	295	ה חקלאי שוחה ו מבשלים	unexpected	4	מבשלים
591	296	ה חקלאי שוחה ו נוסע	expected	4	נוסע
592	296	ה חקלאי שוחה ו נוסעים	unexpected	4	נוסעים
593	297	ה חקלאי שוחה ו אוכל	expected	4	אוכל
594	297	ה חקלאי שוחה ו אוכלים	unexpected	4	אוכלים
595	298	ה חקלאי שוחה ו שותה	expected	4	שותה
596	298	ה חקלאי שוחה ו שותים	unexpected	4	שותים
597	299	ה חקלאי שוחה ו שוחה	expected	4	שוחה
598	299	ה חקלאי שוחה ו שוחים	unexpected	4	שוחים
599	300	ה חקלאי שוחה ו חי	expected	4	חי
600	300	ה חקלאי שוחה ו חיים	unexpected	4	חיים
601	301	ה חקלאי שוחה ו צוחק	expected	4	צוחק
602	301	ה חקלאי שוחה ו צוחקים	unexpected	4	צוחקים
603	302	ה רופא שוחה ו מבשל	expected	4	מבשל
604	302	ה רופא שוחה ו מבשלים	unexpected	4	מבשלים
605	303	ה רופא שוחה ו נוסע	expected	4	נוסע
606	303	ה רופא שוחה ו נוסעים	unexpected	4	נוסעים
607	304	ה רופא שוחה ו אוכל	expected	4	אוכל
608	304	ה רופא שוחה ו אוכלים	unexpected	4	אוכלים
609	305	ה רופא שוחה ו שותה	expected	4	שותה
610	305	ה רופא שוחה ו שותים	unexpected	4	שותים
611	306	ה רופא שוחה ו שוחה	expected	4	שוחה
612	306	ה רופא שוחה ו שוחים	unexpected	4	שוחים
613	307	ה רופא שוחה ו חי	expected	4	חי
614	307	ה רופא שוחה ו חיים	unexpected	4	חיים
615	308	ה רופא שוחה ו צוחק	expected	4	צוחק
616	308	ה רופא שוחה ו צוחקים	unexpected	4	צוחקים
617	309	ה טבח שוחה ו מבשל	expected	4	מבשל
618	309	ה טבח שוחה ו מבשלים	unexpected	4	מבשלים
619	310	ה טבח שוחה ו נוסע	expected	4	נוסע
620	310	ה טבח שוחה ו נוסעים	unexpected	4	נוסעים
621	311	ה טבח שוחה ו אוכל	expected	4	אוכל
622	311	ה טבח שוחה ו אוכלים	unexpected	4	אוכלים
623	312	ה טבח שוחה ו שותה	expected	4	שותה
624	312	ה טבח שוחה ו שותים	unexpected	4	שותים
625	313	ה טבח שוחה ו שוחה	expected	4	שוחה
626	313	ה טבח שוחה ו שוחים	unexpected	4	שוחים
627	314	ה טבח שוחה ו חי	expected	4	חי
628	314	ה טבח שוחה ו חיים	unexpected	4	חיים
629	315	ה טבח שוחה ו צוחק	expected	4	צוחק
630	315	ה טבח שוחה ו צוחקים	unexpected	4	צוחקים
631	316	ה נהג שוחה ו מבשל	expected	4	מבשל
632	316	ה נהג שוחה ו מבשלים	unexpected	4	מבשלים
633	317	ה נהג שוחה ו נוסע	expected	4	נוסע
634	317	ה נהג שוחה ו נוסעים	unexpected	4	נוסעים
635	318	ה נהג שוחה ו אוכל	expected	4	אוכל
636	318	ה נהג שוחה ו אוכלים	unexpected	4	אוכלים
637	319	ה נהג שוחה ו שותה	expected	4	שותה
638	319	ה נהג שוחה ו שותים	unexpected	4	שותים
639	320	ה נהג שוחה ו שוחה	expected	4	שוחה
640	320	ה נהג שוחה ו שוחים	unexpected	4	שוחים
641	321	ה נהג שוחה ו חי	expected	4	חי
642	321	ה נהג שוחה ו חיים	unexpected	4	חיים
643	322	ה נהג שוחה ו צוחק	expected	4	צוחק
644	322	ה נהג שוחה ו צוחקים	unexpected	4	צוחקים
645	323	ה חייל שוחה ו מבשל	expected	4	מבשל
646	323	ה חייל שוחה ו מבשלים	unexpected	4	מבשלים
647	324	ה חייל שוחה ו נוסע	expected	4	נוסע
648	324	ה חייל שוחה ו נוסעים	unexpected	4	נוסעים
649	325	ה חייל שוחה ו אוכל	expected	4	אוכל
650	325	ה חייל שוחה ו אוכלים	unexpected	4	אוכלים
651	326	ה חייל שוחה ו שותה	expected	4	שותה
652	326	ה חייל שוחה ו שותים	unexpected	4	שותים
653	327	ה חייל שוחה ו שוחה	expected	4	שוחה
654	327	ה חייל שוחה ו שוחים	unexpected	4	שוחים
655	328	ה חייל שוחה ו חי	expected	4	חי
656	328	ה חייל שוחה ו חיים	unexpected	4	חיים
657	329	ה חייל שוחה ו צוחק	expected	4	צוחק
658	329	ה חייל שוחה ו צוחקים	unexpected	4	צוחקים
659	330	ה קצין שוחה ו מבשל	expected	4	מבשל
660	330	ה קצין שוחה ו מבשלים	unexpected	4	מבשלים
661	331	ה קצין שוחה ו נוסע	expected	4	נוסע
662	331	ה קצין שוחה ו נוסעים	unexpected	4	נוסעים
663	332	ה קצין שוחה ו אוכל	expected	4	אוכל
664	332	ה קצין שוחה ו אוכלים	unexpected	4	אוכלים
665	333	ה קצין שוחה ו שותה	expected	4	שותה
666	333	ה קצין שוחה ו שותים	unexpected	4	שותים
667	334	ה קצין שוחה ו שוחה	expected	4	שוחה
668	334	ה קצין שוחה ו שוחים	unexpected	4	שוחים
669	335	ה קצין שוחה ו חי	expected	4	חי
670	335	ה קצין שוחה ו חיים	unexpected	4	חיים
671	336	ה קצין שוחה ו צוחק	expected	4	צוחק
672	336	ה קצין שוחה ו צוחקים	unexpected	4	צוחקים
673	337	ה טייס שוחה ו מבשל	expected	4	מבשל
674	337	ה טייס שוחה ו מבשלים	unexpected	4	מבשלים
675	338	ה טייס שוחה ו נוסע	expected	4	נוסע
676	338	ה טייס שוחה ו נוסעים	unexpected	4	נוסעים
677	339	ה טייס שוחה ו אוכל	expected	4	אוכל
678	339	ה טייס שוחה ו אוכלים	unexpected	4	אוכלים
679	340	ה טייס שוחה ו שותה	expected	4	שותה
680	340	ה טייס שוחה ו שותים	unexpected	4	שותים
681	341	ה טייס שוחה ו שוחה	expected	4	שוחה
682	341	ה טייס שוחה ו שוחים	unexpected	4	שוחים
683	342	ה טייס שוחה ו חי	expected	4	חי
684	342	ה טייס שוחה ו חיים	unexpected	4	חיים
685	343	ה טייס שוחה ו צוחק	expected	4	צוחק
686	343	ה טייס שוחה ו צוחקים	unexpected	4	צוחקים
687	344	ה יועץ שוחה ו מבשל	expected	4	מבשל
688	344	ה יועץ שוחה ו מבשלים	unexpected	4	מבשלים
689	345	ה יועץ שוחה ו נוסע	expected	4	נוסע
690	345	ה יועץ שוחה ו נוסעים	unexpected	4	נוסעים
691	346	ה יועץ שוחה ו אוכל	expected	4	אוכל
692	346	ה יועץ שוחה ו אוכלים	unexpected	4	אוכלים
693	347	ה יועץ שוחה ו שותה	expected	4	שותה
694	347	ה יועץ שוחה ו שותים	unexpected	4	שותים
695	348	ה יועץ שוחה ו שוחה	expected	4	שוחה
696	348	ה יועץ שוחה ו שוחים	unexpected	4	שוחים
697	349	ה יועץ שוחה ו חי	expected	4	חי
698	349	ה יועץ שוחה ו חיים	unexpected	4	חיים
699	350	ה יועץ שוחה ו צוחק	expected	4	צוחק
700	350	ה יועץ שוחה ו צוחקים	unexpected	4	צוחקים
701	351	ה מלצר חי ו מבשל	expected	4	מבשל
702	351	ה מלצר חי ו מבשלים	unexpected	4	מבשלים
703	352	ה מלצר חי ו נוסע	expected	4	נוסע
704	352	ה מלצר חי ו נוסעים	unexpected	4	נוסעים
705	353	ה מלצר חי ו אוכל	expected	4	אוכל
706	353	ה מלצר חי ו אוכלים	unexpected	4	אוכלים
707	354	ה מלצר חי ו שותה	expected	4	שותה
708	354	ה מלצר חי ו שותים	unexpected	4	שותים
709	355	ה מלצר חי ו שוחה	expected	4	שוחה
710	355	ה מלצר חי ו שוחים	unexpected	4	שוחים
711	356	ה מלצר חי ו חי	expected	4	חי
712	356	ה מלצר חי ו חיים	unexpected	4	חיים
713	357	ה מלצר חי ו צוחק	expected	4	צוחק
714	357	ה מלצר חי ו צוחקים	unexpected	4	צוחקים
715	358	ה מנהל חי ו מבשל	expected	4	מבשל
716	358	ה מנהל חי ו מבשלים	unexpected	4	מבשלים
717	359	ה מנהל חי ו נוסע	expected	4	נוסע
718	359	ה מנהל חי ו נוסעים	unexpected	4	נוסעים
719	360	ה מנהל חי ו אוכל	expected	4	אוכל
720	360	ה מנהל חי ו אוכלים	unexpected	4	אוכלים
721	361	ה מנהל חי ו שותה	expected	4	שותה
722	361	ה מנהל חי ו שותים	unexpected	4	שותים
723	362	ה מנהל חי ו שוחה	expected	4	שוחה
724	362	ה מנהל חי ו שוחים	unexpected	4	שוחים
725	363	ה מנהל חי ו חי	expected	4	חי
726	363	ה מנהל חי ו חיים	unexpected	4	חיים
727	364	ה מנהל חי ו צוחק	expected	4	צוחק
728	364	ה מנהל חי ו צוחקים	unexpected	4	צוחקים
729	365	ה חקלאי חי ו מבשל	expected	4	מבשל
730	365	ה חקלאי חי ו מבשלים	unexpected	4	מבשלים
731	366	ה חקלאי חי ו נוסע	expected	4	נוסע
732	366	ה חקלאי חי ו נוסעים	unexpected	4	נוסעים
733	367	ה חקלאי חי ו אוכל	expected	4	אוכל
734	367	ה חקלאי חי ו אוכלים	unexpected	4	אוכלים
735	368	ה חקלאי חי ו שותה	expected	4	שותה
736	368	ה חקלאי חי ו שותים	unexpected	4	שותים
737	369	ה חקלאי חי ו שוחה	expected	4	שוחה
738	369	ה חקלאי חי ו שוחים	unexpected	4	שוחים
739	370	ה חקלאי חי ו חי	expected	4	חי
740	370	ה חקלאי חי ו חיים	unexpected	4	חיים
741	371	ה חקלאי חי ו צוחק	expected	4	צוחק
742	371	ה חקלאי חי ו צוחקים	unexpected	4	צוחקים
743	372	ה רופא חי ו מבשל	expected	4	מבשל
744	372	ה רופא חי ו מבשלים	unexpected	4	מבשלים
745	373	ה רופא חי ו נוסע	expected	4	נוסע
746	373	ה רופא חי ו נוסעים	unexpected	4	נוסעים
747	374	ה רופא חי ו אוכל	expected	4	אוכל
748	374	ה רופא חי ו אוכלים	unexpected	4	אוכלים
749	375	ה רופא חי ו שותה	expected	4	שותה
750	375	ה רופא חי ו שותים	unexpected	4	שותים
751	376	ה רופא חי ו שוחה	expected	4	שוחה
752	376	ה רופא חי ו שוחים	unexpected	4	שוחים
753	377	ה רופא חי ו חי	expected	4	חי
754	377	ה רופא חי ו חיים	unexpected	4	חיים
755	378	ה רופא חי ו צוחק	expected	4	צוחק
756	378	ה רופא חי ו צוחקים	unexpected	4	צוחקים
757	379	ה טבח חי ו מבשל	expected	4	מבשל
758	379	ה טבח חי ו מבשלים	unexpected	4	מבשלים
759	380	ה טבח חי ו נוסע	expected	4	נוסע
760	380	ה טבח חי ו נוסעים	unexpected	4	נוסעים
761	381	ה טבח חי ו אוכל	expected	4	אוכל
762	381	ה טבח חי ו אוכלים	unexpected	4	אוכלים
763	382	ה טבח חי ו שותה	expected	4	שותה
764	382	ה טבח חי ו שותים	unexpected	4	שותים
765	383	ה טבח חי ו שוחה	expected	4	שוחה
766	383	ה טבח חי ו שוחים	unexpected	4	שוחים
767	384	ה טבח חי ו חי	expected	4	חי
768	384	ה טבח חי ו חיים	unexpected	4	חיים
769	385	ה טבח חי ו צוחק	expected	4	צוחק
770	385	ה טבח חי ו צוחקים	unexpected	4	צוחקים
771	386	ה נהג חי ו מבשל	expected	4	מבשל
772	386	ה נהג חי ו מבשלים	unexpected	4	מבשלים
773	387	ה נהג חי ו נוסע	expected	4	נוסע
774	387	ה נהג חי ו נוסעים	unexpected	4	נוסעים
775	388	ה נהג חי ו אוכל	expected	4	אוכל
776	388	ה נהג חי ו אוכלים	unexpected	4	אוכלים
777	389	ה נהג חי ו שותה	expected	4	שותה
778	389	ה נהג חי ו שותים	unexpected	4	שותים
779	390	ה נהג חי ו שוחה	expected	4	שוחה
780	390	ה נהג חי ו שוחים	unexpected	4	שוחים
781	391	ה נהג חי ו חי	expected	4	חי
782	391	ה נהג חי ו חיים	unexpected	4	חיים
783	392	ה נהג חי ו צוחק	expected	4	צוחק
784	392	ה נהג חי ו צוחקים	unexpected	4	צוחקים
785	393	ה חייל חי ו מבשל	expected	4	מבשל
786	393	ה חייל חי ו מבשלים	unexpected	4	מבשלים
787	394	ה חייל חי ו נוסע	expected	4	נוסע
788	394	ה חייל חי ו נוסעים	unexpected	4	נוסעים
789	395	ה חייל חי ו אוכל	expected	4	אוכל
790	395	ה חייל חי ו אוכלים	unexpected	4	אוכלים
791	396	ה חייל חי ו שותה	expected	4	שותה
792	396	ה חייל חי ו שותים	unexpected	4	שותים
793	397	ה חייל חי ו שוחה	expected	4	שוחה
794	397	ה חייל חי ו שוחים	unexpected	4	שוחים
795	398	ה חייל חי ו חי	expected	4	חי
796	398	ה חייל חי ו חיים	unexpected	4	חיים
797	399	ה חייל חי ו צוחק	expected	4	צוחק
798	399	ה חייל חי ו צוחקים	unexpected	4	צוחקים
799	400	ה קצין חי ו מבשל	expected	4	מבשל
800	400	ה קצין חי ו מבשלים	unexpected	4	מבשלים
801	401	ה קצין חי ו נוסע	expected	4	נוסע
802	401	ה קצין חי ו נוסעים	unexpected	4	נוסעים
803	402	ה קצין חי ו אוכל	expected	4	אוכל
804	402	ה קצין חי ו אוכלים	unexpected	4	אוכלים
805	403	ה קצין חי ו שותה	expected	4	שותה
806	403	ה קצין חי ו שותים	unexpected	4	שותים
807	404	ה קצין חי ו שוחה	expected	4	שוחה
808	404	ה קצין חי ו שוחים	unexpected	4	שוחים
809	405	ה קצין חי ו חי	expected	4	חי
810	405	ה קצין חי ו חיים	unexpected	4	חיים
811	406	ה קצין חי ו צוחק	expected	4	צוחק
812	406	ה קצין חי ו צוחקים	unexpected	4	צוחקים
813	407	ה טייס חי ו מבשל	expected	4	מבשל
814	407	ה טייס חי ו מבשלים	unexpected	4	מבשלים
815	408	ה טייס חי ו נוסע	expected	4	נוסע
816	408	ה טייס חי ו נוסעים	unexpected	4	נוסעים
817	409	ה טייס חי ו אוכל	expected	4	אוכל
818	409	ה טייס חי ו אוכלים	unexpected	4	אוכלים
819	410	ה טייס חי ו שותה	expected	4	שותה
820	410	ה טייס חי ו שותים	unexpected	4	שותים
821	411	ה טייס חי ו שוחה	expected	4	שוחה
822	411	ה טייס חי ו שוחים	unexpected	4	שוחים
823	412	ה טייס חי ו חי	expected	4	חי
824	412	ה טייס חי ו חיים	unexpected	4	חיים
825	413	ה טייס חי ו צוחק	expected	4	צוחק
826	413	ה טייס חי ו צוחקים	unexpected	4	צוחקים
827	414	ה יועץ חי ו מבשל	expected	4	מבשל
828	414	ה יועץ חי ו מבשלים	unexpected	4	מבשלים
829	415	ה יועץ חי ו נוסע	expected	4	נוסע
830	415	ה יועץ חי ו נוסעים	unexpected	4	נוסעים
831	416	ה יועץ חי ו אוכל	expected	4	אוכל
832	416	ה יועץ חי ו אוכלים	unexpected	4	אוכלים
833	417	ה יועץ חי ו שותה	expected	4	שותה
834	417	ה יועץ חי ו שותים	unexpected	4	שותים
835	418	ה יועץ חי ו שוחה	expected	4	שוחה
836	418	ה יועץ חי ו שוחים	unexpected	4	שוחים
837	419	ה יועץ חי ו חי	expected	4	חי
838	419	ה יועץ חי ו חיים	unexpected	4	חיים
839	420	ה יועץ חי ו צוחק	expected	4	צוחק
840	420	ה יועץ חי ו צוחקים	unexpected	4	צוחקים
841	421	ה מלצר צוחק ו מבשל	expected	4	מבשל
842	421	ה מלצר צוחק ו מבשלים	unexpected	4	מבשלים
843	422	ה מלצר צוחק ו נוסע	expected	4	נוסע
844	422	ה מלצר צוחק ו נוסעים	unexpected	4	נוסעים
845	423	ה מלצר צוחק ו אוכל	expected	4	אוכל
846	423	ה מלצר צוחק ו אוכלים	unexpected	4	אוכלים
847	424	ה מלצר צוחק ו שותה	expected	4	שותה
848	424	ה מלצר צוחק ו שותים	unexpected	4	שותים
849	425	ה מלצר צוחק ו שוחה	expected	4	שוחה
850	425	ה מלצר צוחק ו שוחים	unexpected	4	שוחים
851	426	ה מלצר צוחק ו חי	expected	4	חי
852	426	ה מלצר צוחק ו חיים	unexpected	4	חיים
853	427	ה מלצר צוחק ו צוחק	expected	4	צוחק
854	427	ה מלצר צוחק ו צוחקים	unexpected	4	צוחקים
855	428	ה מנהל צוחק ו מבשל	expected	4	מבשל
856	428	ה מנהל צוחק ו מבשלים	unexpected	4	מבשלים
857	429	ה מנהל צוחק ו נוסע	expected	4	נוסע
858	429	ה מנהל צוחק ו נוסעים	unexpected	4	נוסעים
859	430	ה מנהל צוחק ו אוכל	expected	4	אוכל
860	430	ה מנהל צוחק ו אוכלים	unexpected	4	אוכלים
861	431	ה מנהל צוחק ו שותה	expected	4	שותה
862	431	ה מנהל צוחק ו שותים	unexpected	4	שותים
863	432	ה מנהל צוחק ו שוחה	expected	4	שוחה
864	432	ה מנהל צוחק ו שוחים	unexpected	4	שוחים
865	433	ה מנהל צוחק ו חי	expected	4	חי
866	433	ה מנהל צוחק ו חיים	unexpected	4	חיים
867	434	ה מנהל צוחק ו צוחק	expected	4	צוחק
868	434	ה מנהל צוחק ו צוחקים	unexpected	4	צוחקים
869	435	ה חקלאי צוחק ו מבשל	expected	4	מבשל
870	435	ה חקלאי צוחק ו מבשלים	unexpected	4	מבשלים
871	436	ה חקלאי צוחק ו נוסע	expected	4	נוסע
872	436	ה חקלאי צוחק ו נוסעים	unexpected	4	נוסעים
873	437	ה חקלאי צוחק ו אוכל	expected	4	אוכל
874	437	ה חקלאי צוחק ו אוכלים	unexpected	4	אוכלים
875	438	ה חקלאי צוחק ו שותה	expected	4	שותה
876	438	ה חקלאי צוחק ו שותים	unexpected	4	שותים
877	439	ה חקלאי צוחק ו שוחה	expected	4	שוחה
878	439	ה חקלאי צוחק ו שוחים	unexpected	4	שוחים
879	440	ה חקלאי צוחק ו חי	expected	4	חי
880	440	ה חקלאי צוחק ו חיים	unexpected	4	חיים
881	441	ה חקלאי צוחק ו צוחק	expected	4	צוחק
882	441	ה חקלאי צוחק ו צוחקים	unexpected	4	צוחקים
883	442	ה רופא צוחק ו מבשל	expected	4	מבשל
884	442	ה רופא צוחק ו מבשלים	unexpected	4	מבשלים
885	443	ה רופא צוחק ו נוסע	expected	4	נוסע
886	443	ה רופא צוחק ו נוסעים	unexpected	4	נוסעים
887	444	ה רופא צוחק ו אוכל	expected	4	אוכל
888	444	ה רופא צוחק ו אוכלים	unexpected	4	אוכלים
889	445	ה רופא צוחק ו שותה	expected	4	שותה
890	445	ה רופא צוחק ו שותים	unexpected	4	שותים
891	446	ה רופא צוחק ו שוחה	expected	4	שוחה
892	446	ה רופא צוחק ו שוחים	unexpected	4	שוחים
893	447	ה רופא צוחק ו חי	expected	4	חי
894	447	ה רופא צוחק ו חיים	unexpected	4	חיים
895	448	ה רופא צוחק ו צוחק	expected	4	צוחק
896	448	ה רופא צוחק ו צוחקים	unexpected	4	צוחקים
897	449	ה טבח צוחק ו מבשל	expected	4	מבשל
898	449	ה טבח צוחק ו מבשלים	unexpected	4	מבשלים
899	450	ה טבח צוחק ו נוסע	expected	4	נוסע
900	450	ה טבח צוחק ו נוסעים	unexpected	4	נוסעים
901	451	ה טבח צוחק ו אוכל	expected	4	אוכל
902	451	ה טבח צוחק ו אוכלים	unexpected	4	אוכלים
903	452	ה טבח צוחק ו שותה	expected	4	שותה
904	452	ה טבח צוחק ו שותים	unexpected	4	שותים
905	453	ה טבח צוחק ו שוחה	expected	4	שוחה
906	453	ה טבח צוחק ו שוחים	unexpected	4	שוחים
907	454	ה טבח צוחק ו חי	expected	4	חי
908	454	ה טבח צוחק ו חיים	unexpected	4	חיים
909	455	ה טבח צוחק ו צוחק	expected	4	צוחק
910	455	ה טבח צוחק ו צוחקים	unexpected	4	צוחקים
911	456	ה נהג צוחק ו מבשל	expected	4	מבשל
912	456	ה נהג צוחק ו מבשלים	unexpected	4	מבשלים
913	457	ה נהג צוחק ו נוסע	expected	4	נוסע
914	457	ה נהג צוחק ו נוסעים	unexpected	4	נוסעים
915	458	ה נהג צוחק ו אוכל	expected	4	אוכל
916	458	ה נהג צוחק ו אוכלים	unexpected	4	אוכלים
917	459	ה נהג צוחק ו שותה	expected	4	שותה
918	459	ה נהג צוחק ו שותים	unexpected	4	שותים
919	460	ה נהג צוחק ו שוחה	expected	4	שוחה
920	460	ה נהג צוחק ו שוחים	unexpected	4	שוחים
921	461	ה נהג צוחק ו חי	expected	4	חי
922	461	ה נהג צוחק ו חיים	unexpected	4	חיים
923	462	ה נהג צוחק ו צוחק	expected	4	צוחק
924	462	ה נהג צוחק ו צוחקים	unexpected	4	צוחקים
925	463	ה חייל צוחק ו מבשל	expected	4	מבשל
926	463	ה חייל צוחק ו מבשלים	unexpected	4	מבשלים
927	464	ה חייל צוחק ו נוסע	expected	4	נוסע
928	464	ה חייל צוחק ו נוסעים	unexpected	4	נוסעים
929	465	ה חייל צוחק ו אוכל	expected	4	אוכל
930	465	ה חייל צוחק ו אוכלים	unexpected	4	אוכלים
931	466	ה חייל צוחק ו שותה	expected	4	שותה
932	466	ה חייל צוחק ו שותים	unexpected	4	שותים
933	467	ה חייל צוחק ו שוחה	expected	4	שוחה
934	467	ה חייל צוחק ו שוחים	unexpected	4	שוחים
935	468	ה חייל צוחק ו חי	expected	4	חי
936	468	ה חייל צוחק ו חיים	unexpected	4	חיים
937	469	ה חייל צוחק ו צוחק	expected	4	צוחק
938	469	ה חייל צוחק ו צוחקים	unexpected	4	צוחקים
939	470	ה קצין צוחק ו מבשל	expected	4	מבשל
940	470	ה קצין צוחק ו מבשלים	unexpected	4	מבשלים
941	471	ה קצין צוחק ו נוסע	expected	4	נוסע
942	471	ה קצין צוחק ו נוסעים	unexpected	4	נוסעים
943	472	ה קצין צוחק ו אוכל	expected	4	אוכל
944	472	ה קצין צוחק ו אוכלים	unexpected	4	אוכלים
945	473	ה קצין צוחק ו שותה	expected	4	שותה
946	473	ה קצין צוחק ו שותים	unexpected	4	שותים
947	474	ה קצין צוחק ו שוחה	expected	4	שוחה
948	474	ה קצין צוחק ו שוחים	unexpected	4	שוחים
949	475	ה קצין צוחק ו חי	expected	4	חי
950	475	ה קצין צוחק ו חיים	unexpected	4	חיים
951	476	ה קצין צוחק ו צוחק	expected	4	צוחק
952	476	ה קצין צוחק ו צוחקים	unexpected	4	צוחקים
953	477	ה טייס צוחק ו מבשל	expected	4	מבשל
954	477	ה טייס צוחק ו מבשלים	unexpected	4	מבשלים
955	478	ה טייס צוחק ו נוסע	expected	4	נוסע
956	478	ה טייס צוחק ו נוסעים	unexpected	4	נוסעים
957	479	ה טייס צוחק ו אוכל	expected	4	אוכל
958	479	ה טייס צוחק ו אוכלים	unexpected	4	אוכלים
959	480	ה טייס צוחק ו שותה	expected	4	שותה
960	480	ה טייס צוחק ו שותים	unexpected	4	שותים
961	481	ה טייס צוחק ו שוחה	expected	4	שוחה
962	481	ה טייס צוחק ו שוחים	unexpected	4	שוחים
963	482	ה טייס צוחק ו חי	expected	4	חי
964	482	ה טייס צוחק ו חיים	unexpected	4	חיים
965	483	ה טייס צוחק ו צוחק	expected	4	צוחק
966	483	ה טייס צוחק ו צוחקים	unexpected	4	צוחקים
967	484	ה יועץ צוחק ו מבשל	expected	4	מבשל
968	484	ה יועץ צוחק ו מבשלים	unexpected	4	מבשלים
969	485	ה יועץ צוחק ו נוסע	expected	4	נוסע
970	485	ה יועץ צוחק ו נוסעים	unexpected	4	נוסעים
971	486	ה יועץ צוחק ו אוכל	expected	4	אוכל
972	486	ה יועץ צוחק ו אוכלים	unexpected	4	אוכלים
973	487	ה יועץ צוחק ו שותה	expected	4	שותה
974	487	ה יועץ צוחק ו שותים	unexpected	4	שותים
975	488	ה יועץ צוחק ו שוחה	expected	4	שוחה
976	488	ה יועץ צוחק ו שוחים	unexpected	4	שוחים
977	489	ה יועץ צוחק ו חי	expected	4	חי
978	489	ה יועץ צוחק ו חיים	unexpected	4	חיים
979	490	ה יועץ צוחק ו צוחק	expected	4	צוחק
980	490	ה יועץ צוחק ו צוחקים	unexpected	4	צוחקים
981	491	ה מלצרים רוקדים ו מבשלים	expected	4	מבשלים
982	491	ה מלצרים רוקדים ו מבשל	unexpected	4	מבשל
983	492	ה מלצרים רוקדים ו נוסעים	expected	4	נוסעים
984	492	ה מלצרים רוקדים ו נוסע	unexpected	4	נוסע
985	493	ה מלצרים רוקדים ו אוכלים	expected	4	אוכלים
986	493	ה מלצרים רוקדים ו אוכל	unexpected	4	אוכל
987	494	ה מלצרים רוקדים ו שותים	expected	4	שותים
988	494	ה מלצרים רוקדים ו שותה	unexpected	4	שותה
989	495	ה מלצרים רוקדים ו שוחים	expected	4	שוחים
990	495	ה מלצרים רוקדים ו שוחה	unexpected	4	שוחה
991	496	ה מלצרים רוקדים ו חיים	expected	4	חיים
992	496	ה מלצרים רוקדים ו חי	unexpected	4	חי
993	497	ה מלצרים רוקדים ו צוחקים	expected	4	צוחקים
994	497	ה מלצרים רוקדים ו צוחק	unexpected	4	צוחק
995	498	ה מנהלים רוקדים ו מבשלים	expected	4	מבשלים
996	498	ה מנהלים רוקדים ו מבשל	unexpected	4	מבשל
997	499	ה מנהלים רוקדים ו נוסעים	expected	4	נוסעים
998	499	ה מנהלים רוקדים ו נוסע	unexpected	4	נוסע
999	500	ה מנהלים רוקדים ו אוכלים	expected	4	אוכלים
1000	500	ה מנהלים רוקדים ו אוכל	unexpected	4	אוכל
1001	501	ה מנהלים רוקדים ו שותים	expected	4	שותים
1002	501	ה מנהלים רוקדים ו שותה	unexpected	4	שותה
1003	502	ה מנהלים רוקדים ו שוחים	expected	4	שוחים
1004	502	ה מנהלים רוקדים ו שוחה	unexpected	4	שוחה
1005	503	ה מנהלים רוקדים ו חיים	expected	4	חיים
1006	503	ה מנהלים רוקדים ו חי	unexpected	4	חי
1007	504	ה מנהלים רוקדים ו צוחקים	expected	4	צוחקים
1008	504	ה מנהלים רוקדים ו צוחק	unexpected	4	צוחק
1009	505	ה חקלאים רוקדים ו מבשלים	expected	4	מבשלים
1010	505	ה חקלאים רוקדים ו מבשל	unexpected	4	מבשל
1011	506	ה חקלאים רוקדים ו נוסעים	expected	4	נוסעים
1012	506	ה חקלאים רוקדים ו נוסע	unexpected	4	נוסע
1013	507	ה חקלאים רוקדים ו אוכלים	expected	4	אוכלים
1014	507	ה חקלאים רוקדים ו אוכל	unexpected	4	אוכל
1015	508	ה חקלאים רוקדים ו שותים	expected	4	שותים
1016	508	ה חקלאים רוקדים ו שותה	unexpected	4	שותה
1017	509	ה חקלאים רוקדים ו שוחים	expected	4	שוחים
1018	509	ה חקלאים רוקדים ו שוחה	unexpected	4	שוחה
1019	510	ה חקלאים רוקדים ו חיים	expected	4	חיים
1020	510	ה חקלאים רוקדים ו חי	unexpected	4	חי
1021	511	ה חקלאים רוקדים ו צוחקים	expected	4	צוחקים
1022	511	ה חקלאים רוקדים ו צוחק	unexpected	4	צוחק
1023	512	ה רופאים רוקדים ו מבשלים	expected	4	מבשלים
1024	512	ה רופאים רוקדים ו מבשל	unexpected	4	מבשל
1025	513	ה רופאים רוקדים ו נוסעים	expected	4	נוסעים
1026	513	ה רופאים רוקדים ו נוסע	unexpected	4	נוסע
1027	514	ה רופאים רוקדים ו אוכלים	expected	4	אוכלים
1028	514	ה רופאים רוקדים ו אוכל	unexpected	4	אוכל
1029	515	ה רופאים רוקדים ו שותים	expected	4	שותים
1030	515	ה רופאים רוקדים ו שותה	unexpected	4	שותה
1031	516	ה רופאים רוקדים ו שוחים	expected	4	שוחים
1032	516	ה רופאים רוקדים ו שוחה	unexpected	4	שוחה
1033	517	ה רופאים רוקדים ו חיים	expected	4	חיים
1034	517	ה רופאים רוקדים ו חי	unexpected	4	חי
1035	518	ה רופאים רוקדים ו צוחקים	expected	4	צוחקים
1036	518	ה רופאים רוקדים ו צוחק	unexpected	4	צוחק
1037	519	ה טבחים רוקדים ו מבשלים	expected	4	מבשלים
1038	519	ה טבחים רוקדים ו מבשל	unexpected	4	מבשל
1039	520	ה טבחים רוקדים ו נוסעים	expected	4	נוסעים
1040	520	ה טבחים רוקדים ו נוסע	unexpected	4	נוסע
1041	521	ה טבחים רוקדים ו אוכלים	expected	4	אוכלים
1042	521	ה טבחים רוקדים ו אוכל	unexpected	4	אוכל
1043	522	ה טבחים רוקדים ו שותים	expected	4	שותים
1044	522	ה טבחים רוקדים ו שותה	unexpected	4	שותה
1045	523	ה טבחים רוקדים ו שוחים	expected	4	שוחים
1046	523	ה טבחים רוקדים ו שוחה	unexpected	4	שוחה
1047	524	ה טבחים רוקדים ו חיים	expected	4	חיים
1048	524	ה טבחים רוקדים ו חי	unexpected	4	חי
1049	525	ה טבחים רוקדים ו צוחקים	expected	4	צוחקים
1050	525	ה טבחים רוקדים ו צוחק	unexpected	4	צוחק
1051	526	ה נהגים רוקדים ו מבשלים	expected	4	מבשלים
1052	526	ה נהגים רוקדים ו מבשל	unexpected	4	מבשל
1053	527	ה נהגים רוקדים ו נוסעים	expected	4	נוסעים
1054	527	ה נהגים רוקדים ו נוסע	unexpected	4	נוסע
1055	528	ה נהגים רוקדים ו אוכלים	expected	4	אוכלים
1056	528	ה נהגים רוקדים ו אוכל	unexpected	4	אוכל
1057	529	ה נהגים רוקדים ו שותים	expected	4	שותים
1058	529	ה נהגים רוקדים ו שותה	unexpected	4	שותה
1059	530	ה נהגים רוקדים ו שוחים	expected	4	שוחים
1060	530	ה נהגים רוקדים ו שוחה	unexpected	4	שוחה
1061	531	ה נהגים רוקדים ו חיים	expected	4	חיים
1062	531	ה נהגים רוקדים ו חי	unexpected	4	חי
1063	532	ה נהגים רוקדים ו צוחקים	expected	4	צוחקים
1064	532	ה נהגים רוקדים ו צוחק	unexpected	4	צוחק
1065	533	ה חיילים רוקדים ו מבשלים	expected	4	מבשלים
1066	533	ה חיילים רוקדים ו מבשל	unexpected	4	מבשל
1067	534	ה חיילים רוקדים ו נוסעים	expected	4	נוסעים
1068	534	ה חיילים רוקדים ו נוסע	unexpected	4	נוסע
1069	535	ה חיילים רוקדים ו אוכלים	expected	4	אוכלים
1070	535	ה חיילים רוקדים ו אוכל	unexpected	4	אוכל
1071	536	ה חיילים רוקדים ו שותים	expected	4	שותים
1072	536	ה חיילים רוקדים ו שותה	unexpected	4	שותה
1073	537	ה חיילים רוקדים ו שוחים	expected	4	שוחים
1074	537	ה חיילים רוקדים ו שוחה	unexpected	4	שוחה
1075	538	ה חיילים רוקדים ו חיים	expected	4	חיים
1076	538	ה חיילים רוקדים ו חי	unexpected	4	חי
1077	539	ה חיילים רוקדים ו צוחקים	expected	4	צוחקים
1078	539	ה חיילים רוקדים ו צוחק	unexpected	4	צוחק
1079	540	ה קצינים רוקדים ו מבשלים	expected	4	מבשלים
1080	540	ה קצינים רוקדים ו מבשל	unexpected	4	מבשל
1081	541	ה קצינים רוקדים ו נוסעים	expected	4	נוסעים
1082	541	ה קצינים רוקדים ו נוסע	unexpected	4	נוסע
1083	542	ה קצינים רוקדים ו אוכלים	expected	4	אוכלים
1084	542	ה קצינים רוקדים ו אוכל	unexpected	4	אוכל
1085	543	ה קצינים רוקדים ו שותים	expected	4	שותים
1086	543	ה קצינים רוקדים ו שותה	unexpected	4	שותה
1087	544	ה קצינים רוקדים ו שוחים	expected	4	שוחים
1088	544	ה קצינים רוקדים ו שוחה	unexpected	4	שוחה
1089	545	ה קצינים רוקדים ו חיים	expected	4	חיים
1090	545	ה קצינים רוקדים ו חי	unexpected	4	חי
1091	546	ה קצינים רוקדים ו צוחקים	expected	4	צוחקים
1092	546	ה קצינים רוקדים ו צוחק	unexpected	4	צוחק
1093	547	ה טייסים רוקדים ו מבשלים	expected	4	מבשלים
1094	547	ה טייסים רוקדים ו מבשל	unexpected	4	מבשל
1095	548	ה טייסים רוקדים ו נוסעים	expected	4	נוסעים
1096	548	ה טייסים רוקדים ו נוסע	unexpected	4	נוסע
1097	549	ה טייסים רוקדים ו אוכלים	expected	4	אוכלים
1098	549	ה טייסים רוקדים ו אוכל	unexpected	4	אוכל
1099	550	ה טייסים רוקדים ו שותים	expected	4	שותים
1100	550	ה טייסים רוקדים ו שותה	unexpected	4	שותה
1101	551	ה טייסים רוקדים ו שוחים	expected	4	שוחים
1102	551	ה טייסים רוקדים ו שוחה	unexpected	4	שוחה
1103	552	ה טייסים רוקדים ו חיים	expected	4	חיים
1104	552	ה טייסים רוקדים ו חי	unexpected	4	חי
1105	553	ה טייסים רוקדים ו צוחקים	expected	4	צוחקים
1106	553	ה טייסים רוקדים ו צוחק	unexpected	4	צוחק
1107	554	ה יועצים רוקדים ו מבשלים	expected	4	מבשלים
1108	554	ה יועצים רוקדים ו מבשל	unexpected	4	מבשל
1109	555	ה יועצים רוקדים ו נוסעים	expected	4	נוסעים
1110	555	ה יועצים רוקדים ו נוסע	unexpected	4	נוסע
1111	556	ה יועצים רוקדים ו אוכלים	expected	4	אוכלים
1112	556	ה יועצים רוקדים ו אוכל	unexpected	4	אוכל
1113	557	ה יועצים רוקדים ו שותים	expected	4	שותים
1114	557	ה יועצים רוקדים ו שותה	unexpected	4	שותה
1115	558	ה יועצים רוקדים ו שוחים	expected	4	שוחים
1116	558	ה יועצים רוקדים ו שוחה	unexpected	4	שוחה
1117	559	ה יועצים רוקדים ו חיים	expected	4	חיים
1118	559	ה יועצים רוקדים ו חי	unexpected	4	חי
1119	560	ה יועצים רוקדים ו צוחקים	expected	4	צוחקים
1120	560	ה יועצים רוקדים ו צוחק	unexpected	4	צוחק
1121	561	ה מלצרים נוסעים ו מבשלים	expected	4	מבשלים
1122	561	ה מלצרים נוסעים ו מבשל	unexpected	4	מבשל
1123	562	ה מלצרים נוסעים ו נוסעים	expected	4	נוסעים
1124	562	ה מלצרים נוסעים ו נוסע	unexpected	4	נוסע
1125	563	ה מלצרים נוסעים ו אוכלים	expected	4	אוכלים
1126	563	ה מלצרים נוסעים ו אוכל	unexpected	4	אוכל
1127	564	ה מלצרים נוסעים ו שותים	expected	4	שותים
1128	564	ה מלצרים נוסעים ו שותה	unexpected	4	שותה
1129	565	ה מלצרים נוסעים ו שוחים	expected	4	שוחים
1130	565	ה מלצרים נוסעים ו שוחה	unexpected	4	שוחה
1131	566	ה מלצרים נוסעים ו חיים	expected	4	חיים
1132	566	ה מלצרים נוסעים ו חי	unexpected	4	חי
1133	567	ה מלצרים נוסעים ו צוחקים	expected	4	צוחקים
1134	567	ה מלצרים נוסעים ו צוחק	unexpected	4	צוחק
1135	568	ה מנהלים נוסעים ו מבשלים	expected	4	מבשלים
1136	568	ה מנהלים נוסעים ו מבשל	unexpected	4	מבשל
1137	569	ה מנהלים נוסעים ו נוסעים	expected	4	נוסעים
1138	569	ה מנהלים נוסעים ו נוסע	unexpected	4	נוסע
1139	570	ה מנהלים נוסעים ו אוכלים	expected	4	אוכלים
1140	570	ה מנהלים נוסעים ו אוכל	unexpected	4	אוכל
1141	571	ה מנהלים נוסעים ו שותים	expected	4	שותים
1142	571	ה מנהלים נוסעים ו שותה	unexpected	4	שותה
1143	572	ה מנהלים נוסעים ו שוחים	expected	4	שוחים
1144	572	ה מנהלים נוסעים ו שוחה	unexpected	4	שוחה
1145	573	ה מנהלים נוסעים ו חיים	expected	4	חיים
1146	573	ה מנהלים נוסעים ו חי	unexpected	4	חי
1147	574	ה מנהלים נוסעים ו צוחקים	expected	4	צוחקים
1148	574	ה מנהלים נוסעים ו צוחק	unexpected	4	צוחק
1149	575	ה חקלאים נוסעים ו מבשלים	expected	4	מבשלים
1150	575	ה חקלאים נוסעים ו מבשל	unexpected	4	מבשל
1151	576	ה חקלאים נוסעים ו נוסעים	expected	4	נוסעים
1152	576	ה חקלאים נוסעים ו נוסע	unexpected	4	נוסע
1153	577	ה חקלאים נוסעים ו אוכלים	expected	4	אוכלים
1154	577	ה חקלאים נוסעים ו אוכל	unexpected	4	אוכל
1155	578	ה חקלאים נוסעים ו שותים	expected	4	שותים
1156	578	ה חקלאים נוסעים ו שותה	unexpected	4	שותה
1157	579	ה חקלאים נוסעים ו שוחים	expected	4	שוחים
1158	579	ה חקלאים נוסעים ו שוחה	unexpected	4	שוחה
1159	580	ה חקלאים נוסעים ו חיים	expected	4	חיים
1160	580	ה חקלאים נוסעים ו חי	unexpected	4	חי
1161	581	ה חקלאים נוסעים ו צוחקים	expected	4	צוחקים
1162	581	ה חקלאים נוסעים ו צוחק	unexpected	4	צוחק
1163	582	ה רופאים נוסעים ו מבשלים	expected	4	מבשלים
1164	582	ה רופאים נוסעים ו מבשל	unexpected	4	מבשל
1165	583	ה רופאים נוסעים ו נוסעים	expected	4	נוסעים
1166	583	ה רופאים נוסעים ו נוסע	unexpected	4	נוסע
1167	584	ה רופאים נוסעים ו אוכלים	expected	4	אוכלים
1168	584	ה רופאים נוסעים ו אוכל	unexpected	4	אוכל
1169	585	ה רופאים נוסעים ו שותים	expected	4	שותים
1170	585	ה רופאים נוסעים ו שותה	unexpected	4	שותה
1171	586	ה רופאים נוסעים ו שוחים	expected	4	שוחים
1172	586	ה רופאים נוסעים ו שוחה	unexpected	4	שוחה
1173	587	ה רופאים נוסעים ו חיים	expected	4	חיים
1174	587	ה רופאים נוסעים ו חי	unexpected	4	חי
1175	588	ה רופאים נוסעים ו צוחקים	expected	4	צוחקים
1176	588	ה רופאים נוסעים ו צוחק	unexpected	4	צוחק
1177	589	ה טבחים נוסעים ו מבשלים	expected	4	מבשלים
1178	589	ה טבחים נוסעים ו מבשל	unexpected	4	מבשל
1179	590	ה טבחים נוסעים ו נוסעים	expected	4	נוסעים
1180	590	ה טבחים נוסעים ו נוסע	unexpected	4	נוסע
1181	591	ה טבחים נוסעים ו אוכלים	expected	4	אוכלים
1182	591	ה טבחים נוסעים ו אוכל	unexpected	4	אוכל
1183	592	ה טבחים נוסעים ו שותים	expected	4	שותים
1184	592	ה טבחים נוסעים ו שותה	unexpected	4	שותה
1185	593	ה טבחים נוסעים ו שוחים	expected	4	שוחים
1186	593	ה טבחים נוסעים ו שוחה	unexpected	4	שוחה
1187	594	ה טבחים נוסעים ו חיים	expected	4	חיים
1188	594	ה טבחים נוסעים ו חי	unexpected	4	חי
1189	595	ה טבחים נוסעים ו צוחקים	expected	4	צוחקים
1190	595	ה טבחים נוסעים ו צוחק	unexpected	4	צוחק
1191	596	ה נהגים נוסעים ו מבשלים	expected	4	מבשלים
1192	596	ה נהגים נוסעים ו מבשל	unexpected	4	מבשל
1193	597	ה נהגים נוסעים ו נוסעים	expected	4	נוסעים
1194	597	ה נהגים נוסעים ו נוסע	unexpected	4	נוסע
1195	598	ה נהגים נוסעים ו אוכלים	expected	4	אוכלים
1196	598	ה נהגים נוסעים ו אוכל	unexpected	4	אוכל
1197	599	ה נהגים נוסעים ו שותים	expected	4	שותים
1198	599	ה נהגים נוסעים ו שותה	unexpected	4	שותה
1199	600	ה נהגים נוסעים ו שוחים	expected	4	שוחים
1200	600	ה נהגים נוסעים ו שוחה	unexpected	4	שוחה
1201	601	ה נהגים נוסעים ו חיים	expected	4	חיים
1202	601	ה נהגים נוסעים ו חי	unexpected	4	חי
1203	602	ה נהגים נוסעים ו צוחקים	expected	4	צוחקים
1204	602	ה נהגים נוסעים ו צוחק	unexpected	4	צוחק
1205	603	ה חיילים נוסעים ו מבשלים	expected	4	מבשלים
1206	603	ה חיילים נוסעים ו מבשל	unexpected	4	מבשל
1207	604	ה חיילים נוסעים ו נוסעים	expected	4	נוסעים
1208	604	ה חיילים נוסעים ו נוסע	unexpected	4	נוסע
1209	605	ה חיילים נוסעים ו אוכלים	expected	4	אוכלים
1210	605	ה חיילים נוסעים ו אוכל	unexpected	4	אוכל
1211	606	ה חיילים נוסעים ו שותים	expected	4	שותים
1212	606	ה חיילים נוסעים ו שותה	unexpected	4	שותה
1213	607	ה חיילים נוסעים ו שוחים	expected	4	שוחים
1214	607	ה חיילים נוסעים ו שוחה	unexpected	4	שוחה
1215	608	ה חיילים נוסעים ו חיים	expected	4	חיים
1216	608	ה חיילים נוסעים ו חי	unexpected	4	חי
1217	609	ה חיילים נוסעים ו צוחקים	expected	4	צוחקים
1218	609	ה חיילים נוסעים ו צוחק	unexpected	4	צוחק
1219	610	ה קצינים נוסעים ו מבשלים	expected	4	מבשלים
1220	610	ה קצינים נוסעים ו מבשל	unexpected	4	מבשל
1221	611	ה קצינים נוסעים ו נוסעים	expected	4	נוסעים
1222	611	ה קצינים נוסעים ו נוסע	unexpected	4	נוסע
1223	612	ה קצינים נוסעים ו אוכלים	expected	4	אוכלים
1224	612	ה קצינים נוסעים ו אוכל	unexpected	4	אוכל
1225	613	ה קצינים נוסעים ו שותים	expected	4	שותים
1226	613	ה קצינים נוסעים ו שותה	unexpected	4	שותה
1227	614	ה קצינים נוסעים ו שוחים	expected	4	שוחים
1228	614	ה קצינים נוסעים ו שוחה	unexpected	4	שוחה
1229	615	ה קצינים נוסעים ו חיים	expected	4	חיים
1230	615	ה קצינים נוסעים ו חי	unexpected	4	חי
1231	616	ה קצינים נוסעים ו צוחקים	expected	4	צוחקים
1232	616	ה קצינים נוסעים ו צוחק	unexpected	4	צוחק
1233	617	ה טייסים נוסעים ו מבשלים	expected	4	מבשלים
1234	617	ה טייסים נוסעים ו מבשל	unexpected	4	מבשל
1235	618	ה טייסים נוסעים ו נוסעים	expected	4	נוסעים
1236	618	ה טייסים נוסעים ו נוסע	unexpected	4	נוסע
1237	619	ה טייסים נוסעים ו אוכלים	expected	4	אוכלים
1238	619	ה טייסים נוסעים ו אוכל	unexpected	4	אוכל
1239	620	ה טייסים נוסעים ו שותים	expected	4	שותים
1240	620	ה טייסים נוסעים ו שותה	unexpected	4	שותה
1241	621	ה טייסים נוסעים ו שוחים	expected	4	שוחים
1242	621	ה טייסים נוסעים ו שוחה	unexpected	4	שוחה
1243	622	ה טייסים נוסעים ו חיים	expected	4	חיים
1244	622	ה טייסים נוסעים ו חי	unexpected	4	חי
1245	623	ה טייסים נוסעים ו צוחקים	expected	4	צוחקים
1246	623	ה טייסים נוסעים ו צוחק	unexpected	4	צוחק
1247	624	ה יועצים נוסעים ו מבשלים	expected	4	מבשלים
1248	624	ה יועצים נוסעים ו מבשל	unexpected	4	מבשל
1249	625	ה יועצים נוסעים ו נוסעים	expected	4	נוסעים
1250	625	ה יועצים נוסעים ו נוסע	unexpected	4	נוסע
1251	626	ה יועצים נוסעים ו אוכלים	expected	4	אוכלים
1252	626	ה יועצים נוסעים ו אוכל	unexpected	4	אוכל
1253	627	ה יועצים נוסעים ו שותים	expected	4	שותים
1254	627	ה יועצים נוסעים ו שותה	unexpected	4	שותה
1255	628	ה יועצים נוסעים ו שוחים	expected	4	שוחים
1256	628	ה יועצים נוסעים ו שוחה	unexpected	4	שוחה
1257	629	ה יועצים נוסעים ו חיים	expected	4	חיים
1258	629	ה יועצים נוסעים ו חי	unexpected	4	חי
1259	630	ה יועצים נוסעים ו צוחקים	expected	4	צוחקים
1260	630	ה יועצים נוסעים ו צוחק	unexpected	4	צוחק
1261	631	ה מלצרים רצים ו מבשלים	expected	4	מבשלים
1262	631	ה מלצרים רצים ו מבשל	unexpected	4	מבשל
1263	632	ה מלצרים רצים ו נוסעים	expected	4	נוסעים
1264	632	ה מלצרים רצים ו נוסע	unexpected	4	נוסע
1265	633	ה מלצרים רצים ו אוכלים	expected	4	אוכלים
1266	633	ה מלצרים רצים ו אוכל	unexpected	4	אוכל
1267	634	ה מלצרים רצים ו שותים	expected	4	שותים
1268	634	ה מלצרים רצים ו שותה	unexpected	4	שותה
1269	635	ה מלצרים רצים ו שוחים	expected	4	שוחים
1270	635	ה מלצרים רצים ו שוחה	unexpected	4	שוחה
1271	636	ה מלצרים רצים ו חיים	expected	4	חיים
1272	636	ה מלצרים רצים ו חי	unexpected	4	חי
1273	637	ה מלצרים רצים ו צוחקים	expected	4	צוחקים
1274	637	ה מלצרים רצים ו צוחק	unexpected	4	צוחק
1275	638	ה מנהלים רצים ו מבשלים	expected	4	מבשלים
1276	638	ה מנהלים רצים ו מבשל	unexpected	4	מבשל
1277	639	ה מנהלים רצים ו נוסעים	expected	4	נוסעים
1278	639	ה מנהלים רצים ו נוסע	unexpected	4	נוסע
1279	640	ה מנהלים רצים ו אוכלים	expected	4	אוכלים
1280	640	ה מנהלים רצים ו אוכל	unexpected	4	אוכל
1281	641	ה מנהלים רצים ו שותים	expected	4	שותים
1282	641	ה מנהלים רצים ו שותה	unexpected	4	שותה
1283	642	ה מנהלים רצים ו שוחים	expected	4	שוחים
1284	642	ה מנהלים רצים ו שוחה	unexpected	4	שוחה
1285	643	ה מנהלים רצים ו חיים	expected	4	חיים
1286	643	ה מנהלים רצים ו חי	unexpected	4	חי
1287	644	ה מנהלים רצים ו צוחקים	expected	4	צוחקים
1288	644	ה מנהלים רצים ו צוחק	unexpected	4	צוחק
1289	645	ה חקלאים רצים ו מבשלים	expected	4	מבשלים
1290	645	ה חקלאים רצים ו מבשל	unexpected	4	מבשל
1291	646	ה חקלאים רצים ו נוסעים	expected	4	נוסעים
1292	646	ה חקלאים רצים ו נוסע	unexpected	4	נוסע
1293	647	ה חקלאים רצים ו אוכלים	expected	4	אוכלים
1294	647	ה חקלאים רצים ו אוכל	unexpected	4	אוכל
1295	648	ה חקלאים רצים ו שותים	expected	4	שותים
1296	648	ה חקלאים רצים ו שותה	unexpected	4	שותה
1297	649	ה חקלאים רצים ו שוחים	expected	4	שוחים
1298	649	ה חקלאים רצים ו שוחה	unexpected	4	שוחה
1299	650	ה חקלאים רצים ו חיים	expected	4	חיים
1300	650	ה חקלאים רצים ו חי	unexpected	4	חי
1301	651	ה חקלאים רצים ו צוחקים	expected	4	צוחקים
1302	651	ה חקלאים רצים ו צוחק	unexpected	4	צוחק
1303	652	ה רופאים רצים ו מבשלים	expected	4	מבשלים
1304	652	ה רופאים רצים ו מבשל	unexpected	4	מבשל
1305	653	ה רופאים רצים ו נוסעים	expected	4	נוסעים
1306	653	ה רופאים רצים ו נוסע	unexpected	4	נוסע
1307	654	ה רופאים רצים ו אוכלים	expected	4	אוכלים
1308	654	ה רופאים רצים ו אוכל	unexpected	4	אוכל
1309	655	ה רופאים רצים ו שותים	expected	4	שותים
1310	655	ה רופאים רצים ו שותה	unexpected	4	שותה
1311	656	ה רופאים רצים ו שוחים	expected	4	שוחים
1312	656	ה רופאים רצים ו שוחה	unexpected	4	שוחה
1313	657	ה רופאים רצים ו חיים	expected	4	חיים
1314	657	ה רופאים רצים ו חי	unexpected	4	חי
1315	658	ה רופאים רצים ו צוחקים	expected	4	צוחקים
1316	658	ה רופאים רצים ו צוחק	unexpected	4	צוחק
1317	659	ה טבחים רצים ו מבשלים	expected	4	מבשלים
1318	659	ה טבחים רצים ו מבשל	unexpected	4	מבשל
1319	660	ה טבחים רצים ו נוסעים	expected	4	נוסעים
1320	660	ה טבחים רצים ו נוסע	unexpected	4	נוסע
1321	661	ה טבחים רצים ו אוכלים	expected	4	אוכלים
1322	661	ה טבחים רצים ו אוכל	unexpected	4	אוכל
1323	662	ה טבחים רצים ו שותים	expected	4	שותים
1324	662	ה טבחים רצים ו שותה	unexpected	4	שותה
1325	663	ה טבחים רצים ו שוחים	expected	4	שוחים
1326	663	ה טבחים רצים ו שוחה	unexpected	4	שוחה
1327	664	ה טבחים רצים ו חיים	expected	4	חיים
1328	664	ה טבחים רצים ו חי	unexpected	4	חי
1329	665	ה טבחים רצים ו צוחקים	expected	4	צוחקים
1330	665	ה טבחים רצים ו צוחק	unexpected	4	צוחק
1331	666	ה נהגים רצים ו מבשלים	expected	4	מבשלים
1332	666	ה נהגים רצים ו מבשל	unexpected	4	מבשל
1333	667	ה נהגים רצים ו נוסעים	expected	4	נוסעים
1334	667	ה נהגים רצים ו נוסע	unexpected	4	נוסע
1335	668	ה נהגים רצים ו אוכלים	expected	4	אוכלים
1336	668	ה נהגים רצים ו אוכל	unexpected	4	אוכל
1337	669	ה נהגים רצים ו שותים	expected	4	שותים
1338	669	ה נהגים רצים ו שותה	unexpected	4	שותה
1339	670	ה נהגים רצים ו שוחים	expected	4	שוחים
1340	670	ה נהגים רצים ו שוחה	unexpected	4	שוחה
1341	671	ה נהגים רצים ו חיים	expected	4	חיים
1342	671	ה נהגים רצים ו חי	unexpected	4	חי
1343	672	ה נהגים רצים ו צוחקים	expected	4	צוחקים
1344	672	ה נהגים רצים ו צוחק	unexpected	4	צוחק
1345	673	ה חיילים רצים ו מבשלים	expected	4	מבשלים
1346	673	ה חיילים רצים ו מבשל	unexpected	4	מבשל
1347	674	ה חיילים רצים ו נוסעים	expected	4	נוסעים
1348	674	ה חיילים רצים ו נוסע	unexpected	4	נוסע
1349	675	ה חיילים רצים ו אוכלים	expected	4	אוכלים
1350	675	ה חיילים רצים ו אוכל	unexpected	4	אוכל
1351	676	ה חיילים רצים ו שותים	expected	4	שותים
1352	676	ה חיילים רצים ו שותה	unexpected	4	שותה
1353	677	ה חיילים רצים ו שוחים	expected	4	שוחים
1354	677	ה חיילים רצים ו שוחה	unexpected	4	שוחה
1355	678	ה חיילים רצים ו חיים	expected	4	חיים
1356	678	ה חיילים רצים ו חי	unexpected	4	חי
1357	679	ה חיילים רצים ו צוחקים	expected	4	צוחקים
1358	679	ה חיילים רצים ו צוחק	unexpected	4	צוחק
1359	680	ה קצינים רצים ו מבשלים	expected	4	מבשלים
1360	680	ה קצינים רצים ו מבשל	unexpected	4	מבשל
1361	681	ה קצינים רצים ו נוסעים	expected	4	נוסעים
1362	681	ה קצינים רצים ו נוסע	unexpected	4	נוסע
1363	682	ה קצינים רצים ו אוכלים	expected	4	אוכלים
1364	682	ה קצינים רצים ו אוכל	unexpected	4	אוכל
1365	683	ה קצינים רצים ו שותים	expected	4	שותים
1366	683	ה קצינים רצים ו שותה	unexpected	4	שותה
1367	684	ה קצינים רצים ו שוחים	expected	4	שוחים
1368	684	ה קצינים רצים ו שוחה	unexpected	4	שוחה
1369	685	ה קצינים רצים ו חיים	expected	4	חיים
1370	685	ה קצינים רצים ו חי	unexpected	4	חי
1371	686	ה קצינים רצים ו צוחקים	expected	4	צוחקים
1372	686	ה קצינים רצים ו צוחק	unexpected	4	צוחק
1373	687	ה טייסים רצים ו מבשלים	expected	4	מבשלים
1374	687	ה טייסים רצים ו מבשל	unexpected	4	מבשל
1375	688	ה טייסים רצים ו נוסעים	expected	4	נוסעים
1376	688	ה טייסים רצים ו נוסע	unexpected	4	נוסע
1377	689	ה טייסים רצים ו אוכלים	expected	4	אוכלים
1378	689	ה טייסים רצים ו אוכל	unexpected	4	אוכל
1379	690	ה טייסים רצים ו שותים	expected	4	שותים
1380	690	ה טייסים רצים ו שותה	unexpected	4	שותה
1381	691	ה טייסים רצים ו שוחים	expected	4	שוחים
1382	691	ה טייסים רצים ו שוחה	unexpected	4	שוחה
1383	692	ה טייסים רצים ו חיים	expected	4	חיים
1384	692	ה טייסים רצים ו חי	unexpected	4	חי
1385	693	ה טייסים רצים ו צוחקים	expected	4	צוחקים
1386	693	ה טייסים רצים ו צוחק	unexpected	4	צוחק
1387	694	ה יועצים רצים ו מבשלים	expected	4	מבשלים
1388	694	ה יועצים רצים ו מבשל	unexpected	4	מבשל
1389	695	ה יועצים רצים ו נוסעים	expected	4	נוסעים
1390	695	ה יועצים רצים ו נוסע	unexpected	4	נוסע
1391	696	ה יועצים רצים ו אוכלים	expected	4	אוכלים
1392	696	ה יועצים רצים ו אוכל	unexpected	4	אוכל
1393	697	ה יועצים רצים ו שותים	expected	4	שותים
1394	697	ה יועצים רצים ו שותה	unexpected	4	שותה
1395	698	ה יועצים רצים ו שוחים	expected	4	שוחים
1396	698	ה יועצים רצים ו שוחה	unexpected	4	שוחה
1397	699	ה יועצים רצים ו חיים	expected	4	חיים
1398	699	ה יועצים רצים ו חי	unexpected	4	חי
1399	700	ה יועצים רצים ו צוחקים	expected	4	צוחקים
1400	700	ה יועצים רצים ו צוחק	unexpected	4	צוחק
1401	701	ה מלצרים ישנים ו מבשלים	expected	4	מבשלים
1402	701	ה מלצרים ישנים ו מבשל	unexpected	4	מבשל
1403	702	ה מלצרים ישנים ו נוסעים	expected	4	נוסעים
1404	702	ה מלצרים ישנים ו נוסע	unexpected	4	נוסע
1405	703	ה מלצרים ישנים ו אוכלים	expected	4	אוכלים
1406	703	ה מלצרים ישנים ו אוכל	unexpected	4	אוכל
1407	704	ה מלצרים ישנים ו שותים	expected	4	שותים
1408	704	ה מלצרים ישנים ו שותה	unexpected	4	שותה
1409	705	ה מלצרים ישנים ו שוחים	expected	4	שוחים
1410	705	ה מלצרים ישנים ו שוחה	unexpected	4	שוחה
1411	706	ה מלצרים ישנים ו חיים	expected	4	חיים
1412	706	ה מלצרים ישנים ו חי	unexpected	4	חי
1413	707	ה מלצרים ישנים ו צוחקים	expected	4	צוחקים
1414	707	ה מלצרים ישנים ו צוחק	unexpected	4	צוחק
1415	708	ה מנהלים ישנים ו מבשלים	expected	4	מבשלים
1416	708	ה מנהלים ישנים ו מבשל	unexpected	4	מבשל
1417	709	ה מנהלים ישנים ו נוסעים	expected	4	נוסעים
1418	709	ה מנהלים ישנים ו נוסע	unexpected	4	נוסע
1419	710	ה מנהלים ישנים ו אוכלים	expected	4	אוכלים
1420	710	ה מנהלים ישנים ו אוכל	unexpected	4	אוכל
1421	711	ה מנהלים ישנים ו שותים	expected	4	שותים
1422	711	ה מנהלים ישנים ו שותה	unexpected	4	שותה
1423	712	ה מנהלים ישנים ו שוחים	expected	4	שוחים
1424	712	ה מנהלים ישנים ו שוחה	unexpected	4	שוחה
1425	713	ה מנהלים ישנים ו חיים	expected	4	חיים
1426	713	ה מנהלים ישנים ו חי	unexpected	4	חי
1427	714	ה מנהלים ישנים ו צוחקים	expected	4	צוחקים
1428	714	ה מנהלים ישנים ו צוחק	unexpected	4	צוחק
1429	715	ה חקלאים ישנים ו מבשלים	expected	4	מבשלים
1430	715	ה חקלאים ישנים ו מבשל	unexpected	4	מבשל
1431	716	ה חקלאים ישנים ו נוסעים	expected	4	נוסעים
1432	716	ה חקלאים ישנים ו נוסע	unexpected	4	נוסע
1433	717	ה חקלאים ישנים ו אוכלים	expected	4	אוכלים
1434	717	ה חקלאים ישנים ו אוכל	unexpected	4	אוכל
1435	718	ה חקלאים ישנים ו שותים	expected	4	שותים
1436	718	ה חקלאים ישנים ו שותה	unexpected	4	שותה
1437	719	ה חקלאים ישנים ו שוחים	expected	4	שוחים
1438	719	ה חקלאים ישנים ו שוחה	unexpected	4	שוחה
1439	720	ה חקלאים ישנים ו חיים	expected	4	חיים
1440	720	ה חקלאים ישנים ו חי	unexpected	4	חי
1441	721	ה חקלאים ישנים ו צוחקים	expected	4	צוחקים
1442	721	ה חקלאים ישנים ו צוחק	unexpected	4	צוחק
1443	722	ה רופאים ישנים ו מבשלים	expected	4	מבשלים
1444	722	ה רופאים ישנים ו מבשל	unexpected	4	מבשל
1445	723	ה רופאים ישנים ו נוסעים	expected	4	נוסעים
1446	723	ה רופאים ישנים ו נוסע	unexpected	4	נוסע
1447	724	ה רופאים ישנים ו אוכלים	expected	4	אוכלים
1448	724	ה רופאים ישנים ו אוכל	unexpected	4	אוכל
1449	725	ה רופאים ישנים ו שותים	expected	4	שותים
1450	725	ה רופאים ישנים ו שותה	unexpected	4	שותה
1451	726	ה רופאים ישנים ו שוחים	expected	4	שוחים
1452	726	ה רופאים ישנים ו שוחה	unexpected	4	שוחה
1453	727	ה רופאים ישנים ו חיים	expected	4	חיים
1454	727	ה רופאים ישנים ו חי	unexpected	4	חי
1455	728	ה רופאים ישנים ו צוחקים	expected	4	צוחקים
1456	728	ה רופאים ישנים ו צוחק	unexpected	4	צוחק
1457	729	ה טבחים ישנים ו מבשלים	expected	4	מבשלים
1458	729	ה טבחים ישנים ו מבשל	unexpected	4	מבשל
1459	730	ה טבחים ישנים ו נוסעים	expected	4	נוסעים
1460	730	ה טבחים ישנים ו נוסע	unexpected	4	נוסע
1461	731	ה טבחים ישנים ו אוכלים	expected	4	אוכלים
1462	731	ה טבחים ישנים ו אוכל	unexpected	4	אוכל
1463	732	ה טבחים ישנים ו שותים	expected	4	שותים
1464	732	ה טבחים ישנים ו שותה	unexpected	4	שותה
1465	733	ה טבחים ישנים ו שוחים	expected	4	שוחים
1466	733	ה טבחים ישנים ו שוחה	unexpected	4	שוחה
1467	734	ה טבחים ישנים ו חיים	expected	4	חיים
1468	734	ה טבחים ישנים ו חי	unexpected	4	חי
1469	735	ה טבחים ישנים ו צוחקים	expected	4	צוחקים
1470	735	ה טבחים ישנים ו צוחק	unexpected	4	צוחק
1471	736	ה נהגים ישנים ו מבשלים	expected	4	מבשלים
1472	736	ה נהגים ישנים ו מבשל	unexpected	4	מבשל
1473	737	ה נהגים ישנים ו נוסעים	expected	4	נוסעים
1474	737	ה נהגים ישנים ו נוסע	unexpected	4	נוסע
1475	738	ה נהגים ישנים ו אוכלים	expected	4	אוכלים
1476	738	ה נהגים ישנים ו אוכל	unexpected	4	אוכל
1477	739	ה נהגים ישנים ו שותים	expected	4	שותים
1478	739	ה נהגים ישנים ו שותה	unexpected	4	שותה
1479	740	ה נהגים ישנים ו שוחים	expected	4	שוחים
1480	740	ה נהגים ישנים ו שוחה	unexpected	4	שוחה
1481	741	ה נהגים ישנים ו חיים	expected	4	חיים
1482	741	ה נהגים ישנים ו חי	unexpected	4	חי
1483	742	ה נהגים ישנים ו צוחקים	expected	4	צוחקים
1484	742	ה נהגים ישנים ו צוחק	unexpected	4	צוחק
1485	743	ה חיילים ישנים ו מבשלים	expected	4	מבשלים
1486	743	ה חיילים ישנים ו מבשל	unexpected	4	מבשל
1487	744	ה חיילים ישנים ו נוסעים	expected	4	נוסעים
1488	744	ה חיילים ישנים ו נוסע	unexpected	4	נוסע
1489	745	ה חיילים ישנים ו אוכלים	expected	4	אוכלים
1490	745	ה חיילים ישנים ו אוכל	unexpected	4	אוכל
1491	746	ה חיילים ישנים ו שותים	expected	4	שותים
1492	746	ה חיילים ישנים ו שותה	unexpected	4	שותה
1493	747	ה חיילים ישנים ו שוחים	expected	4	שוחים
1494	747	ה חיילים ישנים ו שוחה	unexpected	4	שוחה
1495	748	ה חיילים ישנים ו חיים	expected	4	חיים
1496	748	ה חיילים ישנים ו חי	unexpected	4	חי
1497	749	ה חיילים ישנים ו צוחקים	expected	4	צוחקים
1498	749	ה חיילים ישנים ו צוחק	unexpected	4	צוחק
1499	750	ה קצינים ישנים ו מבשלים	expected	4	מבשלים
1500	750	ה קצינים ישנים ו מבשל	unexpected	4	מבשל
1501	751	ה קצינים ישנים ו נוסעים	expected	4	נוסעים
1502	751	ה קצינים ישנים ו נוסע	unexpected	4	נוסע
1503	752	ה קצינים ישנים ו אוכלים	expected	4	אוכלים
1504	752	ה קצינים ישנים ו אוכל	unexpected	4	אוכל
1505	753	ה קצינים ישנים ו שותים	expected	4	שותים
1506	753	ה קצינים ישנים ו שותה	unexpected	4	שותה
1507	754	ה קצינים ישנים ו שוחים	expected	4	שוחים
1508	754	ה קצינים ישנים ו שוחה	unexpected	4	שוחה
1509	755	ה קצינים ישנים ו חיים	expected	4	חיים
1510	755	ה קצינים ישנים ו חי	unexpected	4	חי
1511	756	ה קצינים ישנים ו צוחקים	expected	4	צוחקים
1512	756	ה קצינים ישנים ו צוחק	unexpected	4	צוחק
1513	757	ה טייסים ישנים ו מבשלים	expected	4	מבשלים
1514	757	ה טייסים ישנים ו מבשל	unexpected	4	מבשל
1515	758	ה טייסים ישנים ו נוסעים	expected	4	נוסעים
1516	758	ה טייסים ישנים ו נוסע	unexpected	4	נוסע
1517	759	ה טייסים ישנים ו אוכלים	expected	4	אוכלים
1518	759	ה טייסים ישנים ו אוכל	unexpected	4	אוכל
1519	760	ה טייסים ישנים ו שותים	expected	4	שותים
1520	760	ה טייסים ישנים ו שותה	unexpected	4	שותה
1521	761	ה טייסים ישנים ו שוחים	expected	4	שוחים
1522	761	ה טייסים ישנים ו שוחה	unexpected	4	שוחה
1523	762	ה טייסים ישנים ו חיים	expected	4	חיים
1524	762	ה טייסים ישנים ו חי	unexpected	4	חי
1525	763	ה טייסים ישנים ו צוחקים	expected	4	צוחקים
1526	763	ה טייסים ישנים ו צוחק	unexpected	4	צוחק
1527	764	ה יועצים ישנים ו מבשלים	expected	4	מבשלים
1528	764	ה יועצים ישנים ו מבשל	unexpected	4	מבשל
1529	765	ה יועצים ישנים ו נוסעים	expected	4	נוסעים
1530	765	ה יועצים ישנים ו נוסע	unexpected	4	נוסע
1531	766	ה יועצים ישנים ו אוכלים	expected	4	אוכלים
1532	766	ה יועצים ישנים ו אוכל	unexpected	4	אוכל
1533	767	ה יועצים ישנים ו שותים	expected	4	שותים
1534	767	ה יועצים ישנים ו שותה	unexpected	4	שותה
1535	768	ה יועצים ישנים ו שוחים	expected	4	שוחים
1536	768	ה יועצים ישנים ו שוחה	unexpected	4	שוחה
1537	769	ה יועצים ישנים ו חיים	expected	4	חיים
1538	769	ה יועצים ישנים ו חי	unexpected	4	חי
1539	770	ה יועצים ישנים ו צוחקים	expected	4	צוחקים
1540	770	ה יועצים ישנים ו צוחק	unexpected	4	צוחק
1541	771	ה מלצרים שוחים ו מבשלים	expected	4	מבשלים
1542	771	ה מלצרים שוחים ו מבשל	unexpected	4	מבשל
1543	772	ה מלצרים שוחים ו נוסעים	expected	4	נוסעים
1544	772	ה מלצרים שוחים ו נוסע	unexpected	4	נוסע
1545	773	ה מלצרים שוחים ו אוכלים	expected	4	אוכלים
1546	773	ה מלצרים שוחים ו אוכל	unexpected	4	אוכל
1547	774	ה מלצרים שוחים ו שותים	expected	4	שותים
1548	774	ה מלצרים שוחים ו שותה	unexpected	4	שותה
1549	775	ה מלצרים שוחים ו שוחים	expected	4	שוחים
1550	775	ה מלצרים שוחים ו שוחה	unexpected	4	שוחה
1551	776	ה מלצרים שוחים ו חיים	expected	4	חיים
1552	776	ה מלצרים שוחים ו חי	unexpected	4	חי
1553	777	ה מלצרים שוחים ו צוחקים	expected	4	צוחקים
1554	777	ה מלצרים שוחים ו צוחק	unexpected	4	צוחק
1555	778	ה מנהלים שוחים ו מבשלים	expected	4	מבשלים
1556	778	ה מנהלים שוחים ו מבשל	unexpected	4	מבשל
1557	779	ה מנהלים שוחים ו נוסעים	expected	4	נוסעים
1558	779	ה מנהלים שוחים ו נוסע	unexpected	4	נוסע
1559	780	ה מנהלים שוחים ו אוכלים	expected	4	אוכלים
1560	780	ה מנהלים שוחים ו אוכל	unexpected	4	אוכל
1561	781	ה מנהלים שוחים ו שותים	expected	4	שותים
1562	781	ה מנהלים שוחים ו שותה	unexpected	4	שותה
1563	782	ה מנהלים שוחים ו שוחים	expected	4	שוחים
1564	782	ה מנהלים שוחים ו שוחה	unexpected	4	שוחה
1565	783	ה מנהלים שוחים ו חיים	expected	4	חיים
1566	783	ה מנהלים שוחים ו חי	unexpected	4	חי
1567	784	ה מנהלים שוחים ו צוחקים	expected	4	צוחקים
1568	784	ה מנהלים שוחים ו צוחק	unexpected	4	צוחק
1569	785	ה חקלאים שוחים ו מבשלים	expected	4	מבשלים
1570	785	ה חקלאים שוחים ו מבשל	unexpected	4	מבשל
1571	786	ה חקלאים שוחים ו נוסעים	expected	4	נוסעים
1572	786	ה חקלאים שוחים ו נוסע	unexpected	4	נוסע
1573	787	ה חקלאים שוחים ו אוכלים	expected	4	אוכלים
1574	787	ה חקלאים שוחים ו אוכל	unexpected	4	אוכל
1575	788	ה חקלאים שוחים ו שותים	expected	4	שותים
1576	788	ה חקלאים שוחים ו שותה	unexpected	4	שותה
1577	789	ה חקלאים שוחים ו שוחים	expected	4	שוחים
1578	789	ה חקלאים שוחים ו שוחה	unexpected	4	שוחה
1579	790	ה חקלאים שוחים ו חיים	expected	4	חיים
1580	790	ה חקלאים שוחים ו חי	unexpected	4	חי
1581	791	ה חקלאים שוחים ו צוחקים	expected	4	צוחקים
1582	791	ה חקלאים שוחים ו צוחק	unexpected	4	צוחק
1583	792	ה רופאים שוחים ו מבשלים	expected	4	מבשלים
1584	792	ה רופאים שוחים ו מבשל	unexpected	4	מבשל
1585	793	ה רופאים שוחים ו נוסעים	expected	4	נוסעים
1586	793	ה רופאים שוחים ו נוסע	unexpected	4	נוסע
1587	794	ה רופאים שוחים ו אוכלים	expected	4	אוכלים
1588	794	ה רופאים שוחים ו אוכל	unexpected	4	אוכל
1589	795	ה רופאים שוחים ו שותים	expected	4	שותים
1590	795	ה רופאים שוחים ו שותה	unexpected	4	שותה
1591	796	ה רופאים שוחים ו שוחים	expected	4	שוחים
1592	796	ה רופאים שוחים ו שוחה	unexpected	4	שוחה
1593	797	ה רופאים שוחים ו חיים	expected	4	חיים
1594	797	ה רופאים שוחים ו חי	unexpected	4	חי
1595	798	ה רופאים שוחים ו צוחקים	expected	4	צוחקים
1596	798	ה רופאים שוחים ו צוחק	unexpected	4	צוחק
1597	799	ה טבחים שוחים ו מבשלים	expected	4	מבשלים
1598	799	ה טבחים שוחים ו מבשל	unexpected	4	מבשל
1599	800	ה טבחים שוחים ו נוסעים	expected	4	נוסעים
1600	800	ה טבחים שוחים ו נוסע	unexpected	4	נוסע
1601	801	ה טבחים שוחים ו אוכלים	expected	4	אוכלים
1602	801	ה טבחים שוחים ו אוכל	unexpected	4	אוכל
1603	802	ה טבחים שוחים ו שותים	expected	4	שותים
1604	802	ה טבחים שוחים ו שותה	unexpected	4	שותה
1605	803	ה טבחים שוחים ו שוחים	expected	4	שוחים
1606	803	ה טבחים שוחים ו שוחה	unexpected	4	שוחה
1607	804	ה טבחים שוחים ו חיים	expected	4	חיים
1608	804	ה טבחים שוחים ו חי	unexpected	4	חי
1609	805	ה טבחים שוחים ו צוחקים	expected	4	צוחקים
1610	805	ה טבחים שוחים ו צוחק	unexpected	4	צוחק
1611	806	ה נהגים שוחים ו מבשלים	expected	4	מבשלים
1612	806	ה נהגים שוחים ו מבשל	unexpected	4	מבשל
1613	807	ה נהגים שוחים ו נוסעים	expected	4	נוסעים
1614	807	ה נהגים שוחים ו נוסע	unexpected	4	נוסע
1615	808	ה נהגים שוחים ו אוכלים	expected	4	אוכלים
1616	808	ה נהגים שוחים ו אוכל	unexpected	4	אוכל
1617	809	ה נהגים שוחים ו שותים	expected	4	שותים
1618	809	ה נהגים שוחים ו שותה	unexpected	4	שותה
1619	810	ה נהגים שוחים ו שוחים	expected	4	שוחים
1620	810	ה נהגים שוחים ו שוחה	unexpected	4	שוחה
1621	811	ה נהגים שוחים ו חיים	expected	4	חיים
1622	811	ה נהגים שוחים ו חי	unexpected	4	חי
1623	812	ה נהגים שוחים ו צוחקים	expected	4	צוחקים
1624	812	ה נהגים שוחים ו צוחק	unexpected	4	צוחק
1625	813	ה חיילים שוחים ו מבשלים	expected	4	מבשלים
1626	813	ה חיילים שוחים ו מבשל	unexpected	4	מבשל
1627	814	ה חיילים שוחים ו נוסעים	expected	4	נוסעים
1628	814	ה חיילים שוחים ו נוסע	unexpected	4	נוסע
1629	815	ה חיילים שוחים ו אוכלים	expected	4	אוכלים
1630	815	ה חיילים שוחים ו אוכל	unexpected	4	אוכל
1631	816	ה חיילים שוחים ו שותים	expected	4	שותים
1632	816	ה חיילים שוחים ו שותה	unexpected	4	שותה
1633	817	ה חיילים שוחים ו שוחים	expected	4	שוחים
1634	817	ה חיילים שוחים ו שוחה	unexpected	4	שוחה
1635	818	ה חיילים שוחים ו חיים	expected	4	חיים
1636	818	ה חיילים שוחים ו חי	unexpected	4	חי
1637	819	ה חיילים שוחים ו צוחקים	expected	4	צוחקים
1638	819	ה חיילים שוחים ו צוחק	unexpected	4	צוחק
1639	820	ה קצינים שוחים ו מבשלים	expected	4	מבשלים
1640	820	ה קצינים שוחים ו מבשל	unexpected	4	מבשל
1641	821	ה קצינים שוחים ו נוסעים	expected	4	נוסעים
1642	821	ה קצינים שוחים ו נוסע	unexpected	4	נוסע
1643	822	ה קצינים שוחים ו אוכלים	expected	4	אוכלים
1644	822	ה קצינים שוחים ו אוכל	unexpected	4	אוכל
1645	823	ה קצינים שוחים ו שותים	expected	4	שותים
1646	823	ה קצינים שוחים ו שותה	unexpected	4	שותה
1647	824	ה קצינים שוחים ו שוחים	expected	4	שוחים
1648	824	ה קצינים שוחים ו שוחה	unexpected	4	שוחה
1649	825	ה קצינים שוחים ו חיים	expected	4	חיים
1650	825	ה קצינים שוחים ו חי	unexpected	4	חי
1651	826	ה קצינים שוחים ו צוחקים	expected	4	צוחקים
1652	826	ה קצינים שוחים ו צוחק	unexpected	4	צוחק
1653	827	ה טייסים שוחים ו מבשלים	expected	4	מבשלים
1654	827	ה טייסים שוחים ו מבשל	unexpected	4	מבשל
1655	828	ה טייסים שוחים ו נוסעים	expected	4	נוסעים
1656	828	ה טייסים שוחים ו נוסע	unexpected	4	נוסע
1657	829	ה טייסים שוחים ו אוכלים	expected	4	אוכלים
1658	829	ה טייסים שוחים ו אוכל	unexpected	4	אוכל
1659	830	ה טייסים שוחים ו שותים	expected	4	שותים
1660	830	ה טייסים שוחים ו שותה	unexpected	4	שותה
1661	831	ה טייסים שוחים ו שוחים	expected	4	שוחים
1662	831	ה טייסים שוחים ו שוחה	unexpected	4	שוחה
1663	832	ה טייסים שוחים ו חיים	expected	4	חיים
1664	832	ה טייסים שוחים ו חי	unexpected	4	חי
1665	833	ה טייסים שוחים ו צוחקים	expected	4	צוחקים
1666	833	ה טייסים שוחים ו צוחק	unexpected	4	צוחק
1667	834	ה יועצים שוחים ו מבשלים	expected	4	מבשלים
1668	834	ה יועצים שוחים ו מבשל	unexpected	4	מבשל
1669	835	ה יועצים שוחים ו נוסעים	expected	4	נוסעים
1670	835	ה יועצים שוחים ו נוסע	unexpected	4	נוסע
1671	836	ה יועצים שוחים ו אוכלים	expected	4	אוכלים
1672	836	ה יועצים שוחים ו אוכל	unexpected	4	אוכל
1673	837	ה יועצים שוחים ו שותים	expected	4	שותים
1674	837	ה יועצים שוחים ו שותה	unexpected	4	שותה
1675	838	ה יועצים שוחים ו שוחים	expected	4	שוחים
1676	838	ה יועצים שוחים ו שוחה	unexpected	4	שוחה
1677	839	ה יועצים שוחים ו חיים	expected	4	חיים
1678	839	ה יועצים שוחים ו חי	unexpected	4	חי
1679	840	ה יועצים שוחים ו צוחקים	expected	4	צוחקים
1680	840	ה יועצים שוחים ו צוחק	unexpected	4	צוחק
1681	841	ה מלצרים חיים ו מבשלים	expected	4	מבשלים
1682	841	ה מלצרים חיים ו מבשל	unexpected	4	מבשל
1683	842	ה מלצרים חיים ו נוסעים	expected	4	נוסעים
1684	842	ה מלצרים חיים ו נוסע	unexpected	4	נוסע
1685	843	ה מלצרים חיים ו אוכלים	expected	4	אוכלים
1686	843	ה מלצרים חיים ו אוכל	unexpected	4	אוכל
1687	844	ה מלצרים חיים ו שותים	expected	4	שותים
1688	844	ה מלצרים חיים ו שותה	unexpected	4	שותה
1689	845	ה מלצרים חיים ו שוחים	expected	4	שוחים
1690	845	ה מלצרים חיים ו שוחה	unexpected	4	שוחה
1691	846	ה מלצרים חיים ו חיים	expected	4	חיים
1692	846	ה מלצרים חיים ו חי	unexpected	4	חי
1693	847	ה מלצרים חיים ו צוחקים	expected	4	צוחקים
1694	847	ה מלצרים חיים ו צוחק	unexpected	4	צוחק
1695	848	ה מנהלים חיים ו מבשלים	expected	4	מבשלים
1696	848	ה מנהלים חיים ו מבשל	unexpected	4	מבשל
1697	849	ה מנהלים חיים ו נוסעים	expected	4	נוסעים
1698	849	ה מנהלים חיים ו נוסע	unexpected	4	נוסע
1699	850	ה מנהלים חיים ו אוכלים	expected	4	אוכלים
1700	850	ה מנהלים חיים ו אוכל	unexpected	4	אוכל
1701	851	ה מנהלים חיים ו שותים	expected	4	שותים
1702	851	ה מנהלים חיים ו שותה	unexpected	4	שותה
1703	852	ה מנהלים חיים ו שוחים	expected	4	שוחים
1704	852	ה מנהלים חיים ו שוחה	unexpected	4	שוחה
1705	853	ה מנהלים חיים ו חיים	expected	4	חיים
1706	853	ה מנהלים חיים ו חי	unexpected	4	חי
1707	854	ה מנהלים חיים ו צוחקים	expected	4	צוחקים
1708	854	ה מנהלים חיים ו צוחק	unexpected	4	צוחק
1709	855	ה חקלאים חיים ו מבשלים	expected	4	מבשלים
1710	855	ה חקלאים חיים ו מבשל	unexpected	4	מבשל
1711	856	ה חקלאים חיים ו נוסעים	expected	4	נוסעים
1712	856	ה חקלאים חיים ו נוסע	unexpected	4	נוסע
1713	857	ה חקלאים חיים ו אוכלים	expected	4	אוכלים
1714	857	ה חקלאים חיים ו אוכל	unexpected	4	אוכל
1715	858	ה חקלאים חיים ו שותים	expected	4	שותים
1716	858	ה חקלאים חיים ו שותה	unexpected	4	שותה
1717	859	ה חקלאים חיים ו שוחים	expected	4	שוחים
1718	859	ה חקלאים חיים ו שוחה	unexpected	4	שוחה
1719	860	ה חקלאים חיים ו חיים	expected	4	חיים
1720	860	ה חקלאים חיים ו חי	unexpected	4	חי
1721	861	ה חקלאים חיים ו צוחקים	expected	4	צוחקים
1722	861	ה חקלאים חיים ו צוחק	unexpected	4	צוחק
1723	862	ה רופאים חיים ו מבשלים	expected	4	מבשלים
1724	862	ה רופאים חיים ו מבשל	unexpected	4	מבשל
1725	863	ה רופאים חיים ו נוסעים	expected	4	נוסעים
1726	863	ה רופאים חיים ו נוסע	unexpected	4	נוסע
1727	864	ה רופאים חיים ו אוכלים	expected	4	אוכלים
1728	864	ה רופאים חיים ו אוכל	unexpected	4	אוכל
1729	865	ה רופאים חיים ו שותים	expected	4	שותים
1730	865	ה רופאים חיים ו שותה	unexpected	4	שותה
1731	866	ה רופאים חיים ו שוחים	expected	4	שוחים
1732	866	ה רופאים חיים ו שוחה	unexpected	4	שוחה
1733	867	ה רופאים חיים ו חיים	expected	4	חיים
1734	867	ה רופאים חיים ו חי	unexpected	4	חי
1735	868	ה רופאים חיים ו צוחקים	expected	4	צוחקים
1736	868	ה רופאים חיים ו צוחק	unexpected	4	צוחק
1737	869	ה טבחים חיים ו מבשלים	expected	4	מבשלים
1738	869	ה טבחים חיים ו מבשל	unexpected	4	מבשל
1739	870	ה טבחים חיים ו נוסעים	expected	4	נוסעים
1740	870	ה טבחים חיים ו נוסע	unexpected	4	נוסע
1741	871	ה טבחים חיים ו אוכלים	expected	4	אוכלים
1742	871	ה טבחים חיים ו אוכל	unexpected	4	אוכל
1743	872	ה טבחים חיים ו שותים	expected	4	שותים
1744	872	ה טבחים חיים ו שותה	unexpected	4	שותה
1745	873	ה טבחים חיים ו שוחים	expected	4	שוחים
1746	873	ה טבחים חיים ו שוחה	unexpected	4	שוחה
1747	874	ה טבחים חיים ו חיים	expected	4	חיים
1748	874	ה טבחים חיים ו חי	unexpected	4	חי
1749	875	ה טבחים חיים ו צוחקים	expected	4	צוחקים
1750	875	ה טבחים חיים ו צוחק	unexpected	4	צוחק
1751	876	ה נהגים חיים ו מבשלים	expected	4	מבשלים
1752	876	ה נהגים חיים ו מבשל	unexpected	4	מבשל
1753	877	ה נהגים חיים ו נוסעים	expected	4	נוסעים
1754	877	ה נהגים חיים ו נוסע	unexpected	4	נוסע
1755	878	ה נהגים חיים ו אוכלים	expected	4	אוכלים
1756	878	ה נהגים חיים ו אוכל	unexpected	4	אוכל
1757	879	ה נהגים חיים ו שותים	expected	4	שותים
1758	879	ה נהגים חיים ו שותה	unexpected	4	שותה
1759	880	ה נהגים חיים ו שוחים	expected	4	שוחים
1760	880	ה נהגים חיים ו שוחה	unexpected	4	שוחה
1761	881	ה נהגים חיים ו חיים	expected	4	חיים
1762	881	ה נהגים חיים ו חי	unexpected	4	חי
1763	882	ה נהגים חיים ו צוחקים	expected	4	צוחקים
1764	882	ה נהגים חיים ו צוחק	unexpected	4	צוחק
1765	883	ה חיילים חיים ו מבשלים	expected	4	מבשלים
1766	883	ה חיילים חיים ו מבשל	unexpected	4	מבשל
1767	884	ה חיילים חיים ו נוסעים	expected	4	נוסעים
1768	884	ה חיילים חיים ו נוסע	unexpected	4	נוסע
1769	885	ה חיילים חיים ו אוכלים	expected	4	אוכלים
1770	885	ה חיילים חיים ו אוכל	unexpected	4	אוכל
1771	886	ה חיילים חיים ו שותים	expected	4	שותים
1772	886	ה חיילים חיים ו שותה	unexpected	4	שותה
1773	887	ה חיילים חיים ו שוחים	expected	4	שוחים
1774	887	ה חיילים חיים ו שוחה	unexpected	4	שוחה
1775	888	ה חיילים חיים ו חיים	expected	4	חיים
1776	888	ה חיילים חיים ו חי	unexpected	4	חי
1777	889	ה חיילים חיים ו צוחקים	expected	4	צוחקים
1778	889	ה חיילים חיים ו צוחק	unexpected	4	צוחק
1779	890	ה קצינים חיים ו מבשלים	expected	4	מבשלים
1780	890	ה קצינים חיים ו מבשל	unexpected	4	מבשל
1781	891	ה קצינים חיים ו נוסעים	expected	4	נוסעים
1782	891	ה קצינים חיים ו נוסע	unexpected	4	נוסע
1783	892	ה קצינים חיים ו אוכלים	expected	4	אוכלים
1784	892	ה קצינים חיים ו אוכל	unexpected	4	אוכל
1785	893	ה קצינים חיים ו שותים	expected	4	שותים
1786	893	ה קצינים חיים ו שותה	unexpected	4	שותה
1787	894	ה קצינים חיים ו שוחים	expected	4	שוחים
1788	894	ה קצינים חיים ו שוחה	unexpected	4	שוחה
1789	895	ה קצינים חיים ו חיים	expected	4	חיים
1790	895	ה קצינים חיים ו חי	unexpected	4	חי
1791	896	ה קצינים חיים ו צוחקים	expected	4	צוחקים
1792	896	ה קצינים חיים ו צוחק	unexpected	4	צוחק
1793	897	ה טייסים חיים ו מבשלים	expected	4	מבשלים
1794	897	ה טייסים חיים ו מבשל	unexpected	4	מבשל
1795	898	ה טייסים חיים ו נוסעים	expected	4	נוסעים
1796	898	ה טייסים חיים ו נוסע	unexpected	4	נוסע
1797	899	ה טייסים חיים ו אוכלים	expected	4	אוכלים
1798	899	ה טייסים חיים ו אוכל	unexpected	4	אוכל
1799	900	ה טייסים חיים ו שותים	expected	4	שותים
1800	900	ה טייסים חיים ו שותה	unexpected	4	שותה
1801	901	ה טייסים חיים ו שוחים	expected	4	שוחים
1802	901	ה טייסים חיים ו שוחה	unexpected	4	שוחה
1803	902	ה טייסים חיים ו חיים	expected	4	חיים
1804	902	ה טייסים חיים ו חי	unexpected	4	חי
1805	903	ה טייסים חיים ו צוחקים	expected	4	צוחקים
1806	903	ה טייסים חיים ו צוחק	unexpected	4	צוחק
1807	904	ה יועצים חיים ו מבשלים	expected	4	מבשלים
1808	904	ה יועצים חיים ו מבשל	unexpected	4	מבשל
1809	905	ה יועצים חיים ו נוסעים	expected	4	נוסעים
1810	905	ה יועצים חיים ו נוסע	unexpected	4	נוסע
1811	906	ה יועצים חיים ו אוכלים	expected	4	אוכלים
1812	906	ה יועצים חיים ו אוכל	unexpected	4	אוכל
1813	907	ה יועצים חיים ו שותים	expected	4	שותים
1814	907	ה יועצים חיים ו שותה	unexpected	4	שותה
1815	908	ה יועצים חיים ו שוחים	expected	4	שוחים
1816	908	ה יועצים חיים ו שוחה	unexpected	4	שוחה
1817	909	ה יועצים חיים ו חיים	expected	4	חיים
1818	909	ה יועצים חיים ו חי	unexpected	4	חי
1819	910	ה יועצים חיים ו צוחקים	expected	4	צוחקים
1820	910	ה יועצים חיים ו צוחק	unexpected	4	צוחק
1821	911	ה מלצרים צוחקים ו מבשלים	expected	4	מבשלים
1822	911	ה מלצרים צוחקים ו מבשל	unexpected	4	מבשל
1823	912	ה מלצרים צוחקים ו נוסעים	expected	4	נוסעים
1824	912	ה מלצרים צוחקים ו נוסע	unexpected	4	נוסע
1825	913	ה מלצרים צוחקים ו אוכלים	expected	4	אוכלים
1826	913	ה מלצרים צוחקים ו אוכל	unexpected	4	אוכל
1827	914	ה מלצרים צוחקים ו שותים	expected	4	שותים
1828	914	ה מלצרים צוחקים ו שותה	unexpected	4	שותה
1829	915	ה מלצרים צוחקים ו שוחים	expected	4	שוחים
1830	915	ה מלצרים צוחקים ו שוחה	unexpected	4	שוחה
1831	916	ה מלצרים צוחקים ו חיים	expected	4	חיים
1832	916	ה מלצרים צוחקים ו חי	unexpected	4	חי
1833	917	ה מלצרים צוחקים ו צוחקים	expected	4	צוחקים
1834	917	ה מלצרים צוחקים ו צוחק	unexpected	4	צוחק
1835	918	ה מנהלים צוחקים ו מבשלים	expected	4	מבשלים
1836	918	ה מנהלים צוחקים ו מבשל	unexpected	4	מבשל
1837	919	ה מנהלים צוחקים ו נוסעים	expected	4	נוסעים
1838	919	ה מנהלים צוחקים ו נוסע	unexpected	4	נוסע
1839	920	ה מנהלים צוחקים ו אוכלים	expected	4	אוכלים
1840	920	ה מנהלים צוחקים ו אוכל	unexpected	4	אוכל
1841	921	ה מנהלים צוחקים ו שותים	expected	4	שותים
1842	921	ה מנהלים צוחקים ו שותה	unexpected	4	שותה
1843	922	ה מנהלים צוחקים ו שוחים	expected	4	שוחים
1844	922	ה מנהלים צוחקים ו שוחה	unexpected	4	שוחה
1845	923	ה מנהלים צוחקים ו חיים	expected	4	חיים
1846	923	ה מנהלים צוחקים ו חי	unexpected	4	חי
1847	924	ה מנהלים צוחקים ו צוחקים	expected	4	צוחקים
1848	924	ה מנהלים צוחקים ו צוחק	unexpected	4	צוחק
1849	925	ה חקלאים צוחקים ו מבשלים	expected	4	מבשלים
1850	925	ה חקלאים צוחקים ו מבשל	unexpected	4	מבשל
1851	926	ה חקלאים צוחקים ו נוסעים	expected	4	נוסעים
1852	926	ה חקלאים צוחקים ו נוסע	unexpected	4	נוסע
1853	927	ה חקלאים צוחקים ו אוכלים	expected	4	אוכלים
1854	927	ה חקלאים צוחקים ו אוכל	unexpected	4	אוכל
1855	928	ה חקלאים צוחקים ו שותים	expected	4	שותים
1856	928	ה חקלאים צוחקים ו שותה	unexpected	4	שותה
1857	929	ה חקלאים צוחקים ו שוחים	expected	4	שוחים
1858	929	ה חקלאים צוחקים ו שוחה	unexpected	4	שוחה
1859	930	ה חקלאים צוחקים ו חיים	expected	4	חיים
1860	930	ה חקלאים צוחקים ו חי	unexpected	4	חי
1861	931	ה חקלאים צוחקים ו צוחקים	expected	4	צוחקים
1862	931	ה חקלאים צוחקים ו צוחק	unexpected	4	צוחק
1863	932	ה רופאים צוחקים ו מבשלים	expected	4	מבשלים
1864	932	ה רופאים צוחקים ו מבשל	unexpected	4	מבשל
1865	933	ה רופאים צוחקים ו נוסעים	expected	4	נוסעים
1866	933	ה רופאים צוחקים ו נוסע	unexpected	4	נוסע
1867	934	ה רופאים צוחקים ו אוכלים	expected	4	אוכלים
1868	934	ה רופאים צוחקים ו אוכל	unexpected	4	אוכל
1869	935	ה רופאים צוחקים ו שותים	expected	4	שותים
1870	935	ה רופאים צוחקים ו שותה	unexpected	4	שותה
1871	936	ה רופאים צוחקים ו שוחים	expected	4	שוחים
1872	936	ה רופאים צוחקים ו שוחה	unexpected	4	שוחה
1873	937	ה רופאים צוחקים ו חיים	expected	4	חיים
1874	937	ה רופאים צוחקים ו חי	unexpected	4	חי
1875	938	ה רופאים צוחקים ו צוחקים	expected	4	צוחקים
1876	938	ה רופאים צוחקים ו צוחק	unexpected	4	צוחק
1877	939	ה טבחים צוחקים ו מבשלים	expected	4	מבשלים
1878	939	ה טבחים צוחקים ו מבשל	unexpected	4	מבשל
1879	940	ה טבחים צוחקים ו נוסעים	expected	4	נוסעים
1880	940	ה טבחים צוחקים ו נוסע	unexpected	4	נוסע
1881	941	ה טבחים צוחקים ו אוכלים	expected	4	אוכלים
1882	941	ה טבחים צוחקים ו אוכל	unexpected	4	אוכל
1883	942	ה טבחים צוחקים ו שותים	expected	4	שותים
1884	942	ה טבחים צוחקים ו שותה	unexpected	4	שותה
1885	943	ה טבחים צוחקים ו שוחים	expected	4	שוחים
1886	943	ה טבחים צוחקים ו שוחה	unexpected	4	שוחה
1887	944	ה טבחים צוחקים ו חיים	expected	4	חיים
1888	944	ה טבחים צוחקים ו חי	unexpected	4	חי
1889	945	ה טבחים צוחקים ו צוחקים	expected	4	צוחקים
1890	945	ה טבחים צוחקים ו צוחק	unexpected	4	צוחק
1891	946	ה נהגים צוחקים ו מבשלים	expected	4	מבשלים
1892	946	ה נהגים צוחקים ו מבשל	unexpected	4	מבשל
1893	947	ה נהגים צוחקים ו נוסעים	expected	4	נוסעים
1894	947	ה נהגים צוחקים ו נוסע	unexpected	4	נוסע
1895	948	ה נהגים צוחקים ו אוכלים	expected	4	אוכלים
1896	948	ה נהגים צוחקים ו אוכל	unexpected	4	אוכל
1897	949	ה נהגים צוחקים ו שותים	expected	4	שותים
1898	949	ה נהגים צוחקים ו שותה	unexpected	4	שותה
1899	950	ה נהגים צוחקים ו שוחים	expected	4	שוחים
1900	950	ה נהגים צוחקים ו שוחה	unexpected	4	שוחה
1901	951	ה נהגים צוחקים ו חיים	expected	4	חיים
1902	951	ה נהגים צוחקים ו חי	unexpected	4	חי
1903	952	ה נהגים צוחקים ו צוחקים	expected	4	צוחקים
1904	952	ה נהגים צוחקים ו צוחק	unexpected	4	צוחק
1905	953	ה חיילים צוחקים ו מבשלים	expected	4	מבשלים
1906	953	ה חיילים צוחקים ו מבשל	unexpected	4	מבשל
1907	954	ה חיילים צוחקים ו נוסעים	expected	4	נוסעים
1908	954	ה חיילים צוחקים ו נוסע	unexpected	4	נוסע
1909	955	ה חיילים צוחקים ו אוכלים	expected	4	אוכלים
1910	955	ה חיילים צוחקים ו אוכל	unexpected	4	אוכל
1911	956	ה חיילים צוחקים ו שותים	expected	4	שותים
1912	956	ה חיילים צוחקים ו שותה	unexpected	4	שותה
1913	957	ה חיילים צוחקים ו שוחים	expected	4	שוחים
1914	957	ה חיילים צוחקים ו שוחה	unexpected	4	שוחה
1915	958	ה חיילים צוחקים ו חיים	expected	4	חיים
1916	958	ה חיילים צוחקים ו חי	unexpected	4	חי
1917	959	ה חיילים צוחקים ו צוחקים	expected	4	צוחקים
1918	959	ה חיילים צוחקים ו צוחק	unexpected	4	צוחק
1919	960	ה קצינים צוחקים ו מבשלים	expected	4	מבשלים
1920	960	ה קצינים צוחקים ו מבשל	unexpected	4	מבשל
1921	961	ה קצינים צוחקים ו נוסעים	expected	4	נוסעים
1922	961	ה קצינים צוחקים ו נוסע	unexpected	4	נוסע
1923	962	ה קצינים צוחקים ו אוכלים	expected	4	אוכלים
1924	962	ה קצינים צוחקים ו אוכל	unexpected	4	אוכל
1925	963	ה קצינים צוחקים ו שותים	expected	4	שותים
1926	963	ה קצינים צוחקים ו שותה	unexpected	4	שותה
1927	964	ה קצינים צוחקים ו שוחים	expected	4	שוחים
1928	964	ה קצינים צוחקים ו שוחה	unexpected	4	שוחה
1929	965	ה קצינים צוחקים ו חיים	expected	4	חיים
1930	965	ה קצינים צוחקים ו חי	unexpected	4	חי
1931	966	ה קצינים צוחקים ו צוחקים	expected	4	צוחקים
1932	966	ה קצינים צוחקים ו צוחק	unexpected	4	צוחק
1933	967	ה טייסים צוחקים ו מבשלים	expected	4	מבשלים
1934	967	ה טייסים צוחקים ו מבשל	unexpected	4	מבשל
1935	968	ה טייסים צוחקים ו נוסעים	expected	4	נוסעים
1936	968	ה טייסים צוחקים ו נוסע	unexpected	4	נוסע
1937	969	ה טייסים צוחקים ו אוכלים	expected	4	אוכלים
1938	969	ה טייסים צוחקים ו אוכל	unexpected	4	אוכל
1939	970	ה טייסים צוחקים ו שותים	expected	4	שותים
1940	970	ה טייסים צוחקים ו שותה	unexpected	4	שותה
1941	971	ה טייסים צוחקים ו שוחים	expected	4	שוחים
1942	971	ה טייסים צוחקים ו שוחה	unexpected	4	שוחה
1943	972	ה טייסים צוחקים ו חיים	expected	4	חיים
1944	972	ה טייסים צוחקים ו חי	unexpected	4	חי
1945	973	ה טייסים צוחקים ו צוחקים	expected	4	צוחקים
1946	973	ה טייסים צוחקים ו צוחק	unexpected	4	צוחק
1947	974	ה יועצים צוחקים ו מבשלים	expected	4	מבשלים
1948	974	ה יועצים צוחקים ו מבשל	unexpected	4	מבשל
1949	975	ה יועצים צוחקים ו נוסעים	expected	4	נוסעים
1950	975	ה יועצים צוחקים ו נוסע	unexpected	4	נוסע
1951	976	ה יועצים צוחקים ו אוכלים	expected	4	אוכלים
1952	976	ה יועצים צוחקים ו אוכל	unexpected	4	אוכל
1953	977	ה יועצים צוחקים ו שותים	expected	4	שותים
1954	977	ה יועצים צוחקים ו שותה	unexpected	4	שותה
1955	978	ה יועצים צוחקים ו שוחים	expected	4	שוחים
1956	978	ה יועצים צוחקים ו שוחה	unexpected	4	שוחה
1957	979	ה יועצים צוחקים ו חיים	expected	4	חיים
1958	979	ה יועצים צוחקים ו חי	unexpected	4	חי
1959	980	ה יועצים צוחקים ו צוחקים	expected	4	צוחקים
1960	980	ה יועצים צוחקים ו צוחק	unexpected	4	צוחק
